bill_id,session_id,bill_number,status,status_desc,status_date,title,description,committee_id,committee,last_action_date,last_action,url,state_link
1877734,2139,HB6001,4,Passed,2024-05-13,"Budget Bill.","Budget Bill. Provides for all appropriations of the Budget submitted by the Governor of Virginia in accordance with the provisions of ยง 2.2-1509 of the Code of Virginia, and provides a portion of revenues for the two years ending respectively on the thirtieth day of June 2025 and the thirtieth day of June 2026.",0,,2024-05-13,"Governor: Acts of Assembly Chapter text (CHAP0002)",https://legiscan.com/VA/bill/HB6001/2024/X1,https://lis.virginia.gov/cgi-bin/legp604.exe?242+sum+HB6001
1877735,2139,HB6002,4,Passed,2024-05-13,"Budget Bill.","Budget Bill. Amends Chapter 2 of the Acts of Assembly of 2022, Special Session I, as amended by Chapter 769 of the Acts of Assembly of 2023, as further amended by Chapter 1 of the Acts of Assembly of 2023, Special Session I.",0,,2024-05-13,"Governor: Acts of Assembly Chapter text (CHAP0001)",https://legiscan.com/VA/bill/HB6002/2024/X1,https://lis.virginia.gov/cgi-bin/legp604.exe?242+sum+HB6002
1882815,2139,HB6003,2,Engrossed,2024-06-28,"Va. Military Survivors and Dependents Education Program & related programs; repeal of modifications.","General appropriation act; repeal of modifications to waiver programs. Removes language in the appropriation act imposing additional requirements on financial aid waivers and stipends for the Virginia Military Survivors and Dependents Education Program and related programs.",164,"Senate Finance and Appropriations",2024-07-01,"Referred to Committee on Finance and Appropriations",https://legiscan.com/VA/bill/HB6003/2024/X1,https://lis.virginia.gov/cgi-bin/legp604.exe?242+sum+HB6003
1883989,2139,HB6004,4,Passed,2024-07-18,"Va. Military Survivors & Dependents Ed. Program & related programs; modifications, surplus revenues.","General appropriation act; designation of additional surplus; repeal of modifications to certain waiver programs. Designates certain additional surplus revenues in the amount of $90 million to offset the impact of financial aid waivers and stipends for the Virginia Military Survivors and Dependents Education Program and related programs and removes language in the appropriation act that imposes additional requirements for such programs.",0,,2024-07-18,"Governor: Acts of Assembly Chapter text (CHAP0004)",https://legiscan.com/VA/bill/HB6004/2024/X1,https://lis.virginia.gov/cgi-bin/legp604.exe?242+sum+HB6004
1877732,2139,HR601,4,Passed,2024-05-13,"Commending Sharon J. Stone.","Commending Sharon J. Stone.",0,,2024-05-13,"Bill text as passed House (HR601ER)",https://legiscan.com/VA/bill/HR601/2024/X1,https://lis.virginia.gov/cgi-bin/legp604.exe?242+sum+HR601
1877737,2139,HR602,4,Passed,2024-05-13,"Commending Lisa Pennycuff, Ed.D.","Commending Lisa Pennycuff, Ed.D.",0,,2024-05-13,"Bill text as passed House (HR602ER)",https://legiscan.com/VA/bill/HR602/2024/X1,https://lis.virginia.gov/cgi-bin/legp604.exe?242+sum+HR602
1877730,2139,HR603,4,Passed,2024-05-13,"Commending Mervin B. Daugherty, Ed.D.","Commending Mervin B. Daugherty, Ed.D.",0,,2024-05-13,"Bill text as passed House (HR603ER)",https://legiscan.com/VA/bill/HR603/2024/X1,https://lis.virginia.gov/cgi-bin/legp604.exe?242+sum+HR603
1877736,2139,HR604,4,Passed,2024-05-13,"Commending the Potomac Senior High School Culinary Department.","Commending the Potomac Senior High School Culinary Department.",0,,2024-05-13,"Bill text as passed House (HR604ER)",https://legiscan.com/VA/bill/HR604/2024/X1,https://lis.virginia.gov/cgi-bin/legp604.exe?242+sum+HR604
1877727,2139,HR605,4,Passed,2024-05-13,"Celebrating the life of David Andrew Rosenberg.","Celebrating the life of David Andrew Rosenberg.",0,,2024-05-13,"Bill text as passed House (HR605ER)",https://legiscan.com/VA/bill/HR605/2024/X1,https://legacylis.virginia.gov/cgi-bin/legp604.exe?242+sum+HR605
1877782,2139,HR606,4,Passed,2024-05-13,"Commending the Reverend Dr. Vernon C. Walton.","Commending the Reverend Dr. Vernon C. Walton.",0,,2024-05-13,"Bill text as passed House (HR606ER)",https://legiscan.com/VA/bill/HR606/2024/X1,https://lis.virginia.gov/cgi-bin/legp604.exe?242+sum+HR606
1877815,2139,HR607,4,Passed,2024-05-13,"Commending Norman's Grocery.","Commending Norman's Grocery.",0,,2024-05-13,"Bill text as passed House (HR607ER)",https://legiscan.com/VA/bill/HR607/2024/X1,https://lis.virginia.gov/cgi-bin/legp604.exe?242+sum+HR607
1877951,2139,HR608,4,Passed,2024-05-13,"Celebrating the life of Jane Huffman.","Celebrating the life of Jane Huffman.",0,,2024-05-13,"Bill text as passed House (HR608ER)",https://legiscan.com/VA/bill/HR608/2024/X1,https://lis.virginia.gov/cgi-bin/legp604.exe?242+sum+HR608
1877750,2139,HR609,4,Passed,2024-05-13,"Commending Pamela E. Bridgewater.","Commending Pamela E. Bridgewater.",0,,2024-05-13,"Bill text as passed House (HR609ER)",https://legiscan.com/VA/bill/HR609/2024/X1,https://legacylis.virginia.gov/cgi-bin/legp604.exe?242+sum+HR609
1877765,2139,HR610,4,Passed,2024-05-13,"Commending the Fredericksburg Film Festival.","Commending the Fredericksburg Film Festival.",0,,2024-05-13,"Bill text as passed House (HR610ER)",https://legiscan.com/VA/bill/HR610/2024/X1,https://legacylis.virginia.gov/cgi-bin/legp604.exe?242+sum+HR610
1877775,2139,HR611,4,Passed,2024-05-13,"Celebrating the life of William M. Blaine, Jr.","Celebrating the life of William M. Blaine, Jr.",0,,2024-05-13,"Bill text as passed House (HR611ER)",https://legiscan.com/VA/bill/HR611/2024/X1,https://legacylis.virginia.gov/cgi-bin/legp604.exe?242+sum+HR611
1877812,2139,HR612,4,Passed,2024-05-13,"Commending First Baptist Church Centralia.","Commending First Baptist Church Centralia.",0,,2024-05-13,"Bill text as passed House (HR612ER)",https://legiscan.com/VA/bill/HR612/2024/X1,https://lis.virginia.gov/cgi-bin/legp604.exe?242+sum+HR612
1877787,2139,HR613,4,Passed,2024-05-13,"Commending Maureen Boland.","Commending Maureen Boland.",0,,2024-05-13,"Bill text as passed House (HR613ER)",https://legiscan.com/VA/bill/HR613/2024/X1,https://lis.virginia.gov/cgi-bin/legp604.exe?242+sum+HR613
1877785,2139,HR614,4,Passed,2024-05-13,"Commending the Peninsula Alcohol Safety Action Program.","Commending the Peninsula Alcohol Safety Action Program.",0,,2024-05-13,"Bill text as passed House (HR614ER)",https://legiscan.com/VA/bill/HR614/2024/X1,https://legacylis.virginia.gov/cgi-bin/legp604.exe?242+sum+HR614
1877909,2139,HR615,4,Passed,2024-05-13,"Celebrating the life of Larry Eugene Chavis.","Celebrating the life of Larry Eugene Chavis.",0,,2024-05-13,"Bill text as passed House (HR615ER)",https://legiscan.com/VA/bill/HR615/2024/X1,https://lis.virginia.gov/cgi-bin/legp604.exe?242+sum+HR615
1877945,2139,HR616,4,Passed,2024-05-13,"Commending Maxine Ragland Ross.","Commending Maxine Ragland Ross.",0,,2024-05-13,"Bill text as passed House (HR616ER)",https://legiscan.com/VA/bill/HR616/2024/X1,https://lis.virginia.gov/cgi-bin/legp604.exe?242+sum+HR616
1877839,2139,HR617,4,Passed,2024-05-13,"Celebrating the life of William H. Joyner, Ed.D.","Celebrating the life of William H. Joyner, Ed.D.",0,,2024-05-13,"Bill text as passed House (HR617ER)",https://legiscan.com/VA/bill/HR617/2024/X1,https://legacylis.virginia.gov/cgi-bin/legp604.exe?242+sum+HR617
1877808,2139,HR618,4,Passed,2024-05-13,"Commending FailSafe-ERA.","Commending FailSafe-ERA.",0,,2024-05-13,"Bill text as passed House (HR618ER)",https://legiscan.com/VA/bill/HR618/2024/X1,https://legacylis.virginia.gov/cgi-bin/legp604.exe?242+sum+HR618
1877795,2139,HR619,4,Passed,2024-05-13,"Commending Chesterfield County.","Commending Chesterfield County.",0,,2024-05-13,"Bill text as passed House (HR619ER)",https://legiscan.com/VA/bill/HR619/2024/X1,https://lis.virginia.gov/cgi-bin/legp604.exe?242+sum+HR619
1877754,2139,HR620,4,Passed,2024-05-13,"Commending Dustin Forrester.","Commending Dustin Forrester.",0,,2024-05-13,"Bill text as passed House (HR620ER)",https://legiscan.com/VA/bill/HR620/2024/X1,https://legacylis.virginia.gov/cgi-bin/legp604.exe?242+sum+HR620
1877986,2139,HR621,4,Passed,2024-05-13,"Celebrating the life of William Douglas Blevins.","Celebrating the life of William Douglas Blevins.",0,,2024-05-13,"Bill text as passed House (HR621ER)",https://legiscan.com/VA/bill/HR621/2024/X1,https://lis.virginia.gov/cgi-bin/legp604.exe?242+sum+HR621
1877746,2139,HR622,4,Passed,2024-05-13,"Commending Sleepy Hollow Preschool.","Commending Sleepy Hollow Preschool.",0,,2024-05-13,"Bill text as passed House (HR622ER)",https://legiscan.com/VA/bill/HR622/2024/X1,https://lis.virginia.gov/cgi-bin/legp604.exe?242+sum+HR622
1877821,2139,HR623,4,Passed,2024-05-13,"Commending the Honorable L. Kaye Kory.","Commending the Honorable L. Kaye Kory.",0,,2024-05-13,"Bill text as passed House (HR623ER)",https://legiscan.com/VA/bill/HR623/2024/X1,https://legacylis.virginia.gov/cgi-bin/legp604.exe?242+sum+HR623
1877777,2139,HR624,4,Passed,2024-05-13,"Celebrating the life of the Honorable Richard S. Bray.","Celebrating the life of the Honorable Richard S. Bray.",0,,2024-05-13,"Bill text as passed House (HR624ER)",https://legiscan.com/VA/bill/HR624/2024/X1,https://lis.virginia.gov/cgi-bin/legp604.exe?242+sum+HR624
1877742,2139,HR625,4,Passed,2024-05-13,"Commending the Kingdom Family Worship Center.","Commending the Kingdom Family Worship Center.",0,,2024-05-13,"Bill text as passed House (HR625ER)",https://legiscan.com/VA/bill/HR625/2024/X1,https://lis.virginia.gov/cgi-bin/legp604.exe?242+sum+HR625
1877744,2139,HR626,4,Passed,2024-05-13,"Commending the Fredericksburg Area Sickle Cell Association.","Commending the Fredericksburg Area Sickle Cell Association.",0,,2024-05-13,"Bill text as passed House (HR626ER)",https://legiscan.com/VA/bill/HR626/2024/X1,https://lis.virginia.gov/cgi-bin/legp604.exe?242+sum+HR626
1877748,2139,HR627,4,Passed,2024-05-13,"Commending Tucker Swails.","Commending Tucker Swails.",0,,2024-05-13,"Bill text as passed House (HR627ER)",https://legiscan.com/VA/bill/HR627/2024/X1,https://legacylis.virginia.gov/cgi-bin/legp604.exe?242+sum+HR627
1877870,2139,HR628,4,Passed,2024-05-13,"Commending the English Empowerment Center.","Commending the English Empowerment Center.",0,,2024-05-13,"Bill text as passed House (HR628ER)",https://legiscan.com/VA/bill/HR628/2024/X1,https://lis.virginia.gov/cgi-bin/legp604.exe?242+sum+HR628
1877786,2139,HR629,4,Passed,2024-05-13,"Commending Captain Thomas Theodore Scambos, USN, Ret.","Commending Captain Thomas Theodore Scambos, USN, Ret.",0,,2024-05-13,"Bill text as passed House (HR629ER)",https://legiscan.com/VA/bill/HR629/2024/X1,https://legacylis.virginia.gov/cgi-bin/legp604.exe?242+sum+HR629
1877942,2139,HR630,4,Passed,2024-05-13,"Commending the Fairfax Resolves Chapter of the Virginia Society, Sons of the American Revolution.","Commending the Fairfax Resolves Chapter of the Virginia Society, Sons of the American Revolution.",0,,2024-05-13,"Bill text as passed House (HR630ER)",https://legiscan.com/VA/bill/HR630/2024/X1,https://lis.virginia.gov/cgi-bin/legp604.exe?242+sum+HR630
1877798,2139,HR631,4,Passed,2024-05-13,"Commending Lisa Whetzel.","Commending Lisa Whetzel.",0,,2024-05-13,"Bill text as passed House (HR631ER)",https://legiscan.com/VA/bill/HR631/2024/X1,https://legacylis.virginia.gov/cgi-bin/legp604.exe?242+sum+HR631
1877745,2139,HR632,4,Passed,2024-05-13,"Commending the Loudoun Times-Mirror.","Commending the Loudoun Times-Mirror.",0,,2024-05-13,"Bill text as passed House (HR632ER)",https://legiscan.com/VA/bill/HR632/2024/X1,https://lis.virginia.gov/cgi-bin/legp604.exe?242+sum+HR632
1877968,2139,HR633,4,Passed,2024-05-13,"Celebrating the life of Bradford Windley Phillips.","Celebrating the life of Bradford Windley Phillips.",0,,2024-05-13,"Bill text as passed House (HR633ER)",https://legiscan.com/VA/bill/HR633/2024/X1,https://lis.virginia.gov/cgi-bin/legp604.exe?242+sum+HR633
1877751,2139,HR634,4,Passed,2024-05-13,"Commending Andrea's Pizza.","Commending Andrea's Pizza.",0,,2024-05-13,"Bill text as passed House (HR634ER)",https://legiscan.com/VA/bill/HR634/2024/X1,https://lis.virginia.gov/cgi-bin/legp604.exe?242+sum+HR634
1877961,2139,HR635,4,Passed,2024-05-13,"Commending Linda Choe.","Commending Linda Choe.",0,,2024-05-13,"Bill text as passed House (HR635ER)",https://legiscan.com/VA/bill/HR635/2024/X1,https://lis.virginia.gov/cgi-bin/legp604.exe?242+sum+HR635
1877874,2139,HR636,4,Passed,2024-05-13,"Commending Jay Hart.","Commending Jay Hart.",0,,2024-05-13,"Bill text as passed House (HR636ER)",https://legiscan.com/VA/bill/HR636/2024/X1,https://legacylis.virginia.gov/cgi-bin/legp604.exe?242+sum+HR636
1877957,2139,HR637,4,Passed,2024-05-13,"Commending the Carroll County Historical Society.","Commending the Carroll County Historical Society.",0,,2024-05-13,"Bill text as passed House (HR637ER)",https://legiscan.com/VA/bill/HR637/2024/X1,https://lis.virginia.gov/cgi-bin/legp604.exe?242+sum+HR637
1877773,2139,HR638,4,Passed,2024-05-13,"Commending Dawn Michelle Staley.","Commending Dawn Michelle Staley.",0,,2024-05-13,"Bill text as passed House (HR638ER)",https://legiscan.com/VA/bill/HR638/2024/X1,https://lis.virginia.gov/cgi-bin/legp604.exe?242+sum+HR638
1877813,2139,HR639,4,Passed,2024-05-13,"Commending Tiffany Lee-Clarke.","Commending Tiffany Lee-Clarke.",0,,2024-05-13,"Bill text as passed House (HR639ER)",https://legiscan.com/VA/bill/HR639/2024/X1,https://legacylis.virginia.gov/cgi-bin/legp604.exe?242+sum+HR639
1877790,2139,HR640,4,Passed,2024-05-13,"Commending Jasibi Crews.","Commending Jasibi Crews.",0,,2024-05-13,"Bill text as passed House (HR640ER)",https://legiscan.com/VA/bill/HR640/2024/X1,https://legacylis.virginia.gov/cgi-bin/legp604.exe?242+sum+HR640
1877857,2139,HR641,4,Passed,2024-05-13,"Commending the Toddler Time Child Development Center.","Commending the Toddler Time Child Development Center.",0,,2024-05-13,"Bill text as passed House (HR641ER)",https://legiscan.com/VA/bill/HR641/2024/X1,https://legacylis.virginia.gov/cgi-bin/legp604.exe?242+sum+HR641
1877804,2139,HR642,4,Passed,2024-05-13,"Commending Tonasia Edwards.","Commending Tonasia Edwards.",0,,2024-05-13,"Bill text as passed House (HR642ER)",https://legiscan.com/VA/bill/HR642/2024/X1,https://lis.virginia.gov/cgi-bin/legp604.exe?242+sum+HR642
1878040,2139,HR643,4,Passed,2024-05-13,"Commending the Virginia First Cities Coalition.","Commending the Virginia First Cities Coalition.",0,,2024-05-13,"Bill text as passed House (HR643ER)",https://legiscan.com/VA/bill/HR643/2024/X1,https://lis.virginia.gov/cgi-bin/legp604.exe?242+sum+HR643
1877741,2139,HR644,4,Passed,2024-05-13,"Commending the UVA Health Auxiliary.","Commending the UVA Health Auxiliary.",0,,2024-05-13,"Bill text as passed House (HR644ER)",https://legiscan.com/VA/bill/HR644/2024/X1,https://lis.virginia.gov/cgi-bin/legp604.exe?242+sum+HR644
1877794,2139,HR645,4,Passed,2024-05-13,"Celebrating the life of Walter Williams Scott.","Celebrating the life of Walter Williams Scott.",0,,2024-05-13,"Bill text as passed House (HR645ER)",https://legiscan.com/VA/bill/HR645/2024/X1,https://lis.virginia.gov/cgi-bin/legp604.exe?242+sum+HR645
1877876,2139,HR646,4,Passed,2024-05-13,"Celebrating the life of Anthony Patrick Smith.","Celebrating the life of Anthony Patrick Smith.",0,,2024-05-13,"Bill text as passed House (HR646ER)",https://legiscan.com/VA/bill/HR646/2024/X1,https://legacylis.virginia.gov/cgi-bin/legp604.exe?242+sum+HR646
1877783,2139,HR647,4,Passed,2024-05-13,"Commending William J. Martin.","Commending William J. Martin.",0,,2024-05-13,"Bill text as passed House (HR647ER)",https://legiscan.com/VA/bill/HR647/2024/X1,https://legacylis.virginia.gov/cgi-bin/legp604.exe?242+sum+HR647
1877802,2139,HR648,4,Passed,2024-05-13,"Celebrating the life of Albert Lester Simmons.","Celebrating the life of Albert Lester Simmons.",0,,2024-05-13,"Bill text as passed House (HR648ER)",https://legiscan.com/VA/bill/HR648/2024/X1,https://lis.virginia.gov/cgi-bin/legp604.exe?242+sum+HR648
1877819,2139,HR649,4,Passed,2024-05-13,"Celebrating the life of Jeffrey Todd Girardi.","Celebrating the life of Jeffrey Todd Girardi.",0,,2024-05-13,"Bill text as passed House (HR649ER)",https://legiscan.com/VA/bill/HR649/2024/X1,https://legacylis.virginia.gov/cgi-bin/legp604.exe?242+sum+HR649
1877809,2139,HR650,4,Passed,2024-05-13,"Celebrating the life of Daniel Porter Jordan, Jr.","Celebrating the life of Daniel Porter Jordan, Jr.",0,,2024-05-13,"Bill text as passed House (HR650ER)",https://legiscan.com/VA/bill/HR650/2024/X1,https://legacylis.virginia.gov/cgi-bin/legp604.exe?242+sum+HR650
1877743,2139,HR651,4,Passed,2024-05-13,"Commending Helen Page Warriner-Burke, Ph.D.","Commending Helen Page Warriner-Burke, Ph.D.",0,,2024-05-13,"Bill text as passed House (HR651ER)",https://legiscan.com/VA/bill/HR651/2024/X1,https://lis.virginia.gov/cgi-bin/legp604.exe?242+sum+HR651
1877859,2139,HR652,4,Passed,2024-05-13,"Commending the Valentine.","Commending the Valentine.",0,,2024-05-13,"Bill text as passed House (HR652ER)",https://legiscan.com/VA/bill/HR652/2024/X1,https://lis.virginia.gov/cgi-bin/legp604.exe?242+sum+HR652
1877772,2139,HR653,4,Passed,2024-05-13,"Commending Patsy Pettus.","Commending Patsy Pettus.",0,,2024-05-13,"Bill text as passed House (HR653ER)",https://legiscan.com/VA/bill/HR653/2024/X1,https://legacylis.virginia.gov/cgi-bin/legp604.exe?242+sum+HR653
1878008,2139,HR654,4,Passed,2024-05-13,"Commending David Olive.","Commending David Olive.",0,,2024-05-13,"Bill text as passed House (HR654ER)",https://legiscan.com/VA/bill/HR654/2024/X1,https://lis.virginia.gov/cgi-bin/legp604.exe?242+sum+HR654
1877811,2139,HR655,4,Passed,2024-05-13,"Commending Robert Jones.","Commending Robert Jones.",0,,2024-05-13,"Bill text as passed House (HR655ER)",https://legiscan.com/VA/bill/HR655/2024/X1,https://lis.virginia.gov/cgi-bin/legp604.exe?242+sum+HR655
1878066,2139,HR656,4,Passed,2024-05-13,"Commending Diamond Johnson.","Commending Diamond Johnson.",0,,2024-05-13,"Bill text as passed House (HR656ER)",https://legiscan.com/VA/bill/HR656/2024/X1,https://lis.virginia.gov/cgi-bin/legp604.exe?242+sum+HR656
1877768,2139,HR657,4,Passed,2024-05-13,"Commending Jamarii Thomas.","Commending Jamarii Thomas.",0,,2024-05-13,"Bill text as passed House (HR657ER)",https://legiscan.com/VA/bill/HR657/2024/X1,https://lis.virginia.gov/cgi-bin/legp604.exe?242+sum+HR657
1877805,2139,HR658,4,Passed,2024-05-13,"Commending Christian Ings.","Commending Christian Ings.",0,,2024-05-13,"Bill text as passed House (HR658ER)",https://legiscan.com/VA/bill/HR658/2024/X1,https://lis.virginia.gov/cgi-bin/legp604.exe?242+sum+HR658
1877791,2139,HR659,4,Passed,2024-05-13,"Commending Larry Vickers.","Commending Larry Vickers.",0,,2024-05-13,"Bill text as passed House (HR659ER)",https://legiscan.com/VA/bill/HR659/2024/X1,https://lis.virginia.gov/cgi-bin/legp604.exe?242+sum+HR659
1877767,2139,HR660,4,Passed,2024-05-13,"Commending Kierra Wheeler.","Commending Kierra Wheeler.",0,,2024-05-13,"Bill text as passed House (HR660ER)",https://legiscan.com/VA/bill/HR660/2024/X1,https://legacylis.virginia.gov/cgi-bin/legp604.exe?242+sum+HR660
1877864,2139,HR661,4,Passed,2024-05-13,"Commending Keith Hirsch.","Commending Keith Hirsch.",0,,2024-05-13,"Bill text as passed House (HR661ER)",https://legiscan.com/VA/bill/HR661/2024/X1,https://lis.virginia.gov/cgi-bin/legp604.exe?242+sum+HR661
1877928,2139,HR662,4,Passed,2024-05-13,"Commending Brian McGill.","Commending Brian McGill.",0,,2024-05-13,"Bill text as passed House (HR662ER)",https://legiscan.com/VA/bill/HR662/2024/X1,https://lis.virginia.gov/cgi-bin/legp604.exe?242+sum+HR662
1877801,2139,HR663,4,Passed,2024-05-13,"Commending BAPS Swaminarayan Sanstha.","Commending BAPS Swaminarayan Sanstha.",0,,2024-05-13,"Bill text as passed House (HR663ER)",https://legiscan.com/VA/bill/HR663/2024/X1,https://lis.virginia.gov/cgi-bin/legp604.exe?242+sum+HR663
1877994,2139,HR664,4,Passed,2024-05-13,"Commending Eunice E. Y. Haigler.","Commending Eunice E. Y. Haigler.  Commending Eunice E. Y. Haigler.",0,,2024-05-13,"Bill text as passed House (HR664ER)",https://legiscan.com/VA/bill/HR664/2024/X1,https://lis.virginia.gov/cgi-bin/legp604.exe?242+sum+HR664
1877776,2139,HR665,4,Passed,2024-05-13,"Commending the University of Lynchburg equestrian team.","Commending the University of Lynchburg equestrian team.",0,,2024-05-13,"Bill text as passed House (HR665ER)",https://legiscan.com/VA/bill/HR665/2024/X1,https://lis.virginia.gov/cgi-bin/legp604.exe?242+sum+HR665
1877755,2139,HR666,4,Passed,2024-05-13,"House of Delegates; salaries, contingent and incidental expenses.","Salaries, contingent and incidental expenses; per diem payment Salaries, contingent and incidental expenses; per diem payment during Special Session I.",0,,2024-05-13,"Bill text as passed House (HR666ER)",https://legiscan.com/VA/bill/HR666/2024/X1,https://legacylis.virginia.gov/cgi-bin/legp604.exe?242+sum+HR666
1877937,2139,HR667,4,Passed,2024-05-13,"Celebrating the life of Golden Bethune-Hill.","Celebrating the life of Golden Bethune-Hill.",0,,2024-05-13,"Bill text as passed House (HR667ER)",https://legiscan.com/VA/bill/HR667/2024/X1,https://lis.virginia.gov/cgi-bin/legp604.exe?242+sum+HR667
1877757,2139,HR668,4,Passed,2024-05-13,"Commending Lew Parker.","Commending Lew Parker.",0,,2024-05-13,"Bill text as passed House (HR668ER)",https://legiscan.com/VA/bill/HR668/2024/X1,https://lis.virginia.gov/cgi-bin/legp604.exe?242+sum+HR668
1877818,2139,HR669,4,Passed,2024-05-13,"Commending the Historical Truxtun Civic League.","Commending the Historical Truxtun Civic League.",0,,2024-05-13,"Bill text as passed House (HR669ER)",https://legiscan.com/VA/bill/HR669/2024/X1,https://legacylis.virginia.gov/cgi-bin/legp604.exe?242+sum+HR669
1877752,2139,HR670,4,Passed,2024-05-13,"Commending Augusta Stone Presbyterian Church.","Commending Augusta Stone Presbyterian Church.",0,,2024-05-13,"Bill text as passed House (HR670ER)",https://legiscan.com/VA/bill/HR670/2024/X1,https://legacylis.virginia.gov/cgi-bin/legp604.exe?242+sum+HR670
1877933,2139,HR671,4,Passed,2024-05-13,"Commending William Kyger, Jr.","Commending William Kyger, Jr.",0,,2024-05-13,"Bill text as passed House (HR671ER)",https://legiscan.com/VA/bill/HR671/2024/X1,https://lis.virginia.gov/cgi-bin/legp604.exe?242+sum+HR671
1877894,2139,HR672,4,Passed,2024-05-13,"Commending Richard T. Homes.","Commending Richard T. Homes.",0,,2024-05-13,"Bill text as passed House (HR672ER)",https://legiscan.com/VA/bill/HR672/2024/X1,https://legacylis.virginia.gov/cgi-bin/legp604.exe?242+sum+HR672
1877792,2139,HR673,4,Passed,2024-05-13,"Commending the Virginia Elks Youth Camp, Inc.","Commending the Virginia Elks Youth Camp, Inc.",0,,2024-05-13,"Bill text as passed House (HR673ER)",https://legiscan.com/VA/bill/HR673/2024/X1,https://lis.virginia.gov/cgi-bin/legp604.exe?242+sum+HR673
1877978,2139,HR674,4,Passed,2024-05-13,"Commending the Rockingham County Baseball League.","Commending the Rockingham County Baseball League.",0,,2024-05-13,"Bill text as passed House (HR674ER)",https://legiscan.com/VA/bill/HR674/2024/X1,https://lis.virginia.gov/cgi-bin/legp604.exe?242+sum+HR674
1877983,2139,HR675,4,Passed,2024-05-13,"Commending Jean Shrewsbury.","Commending Jean Shrewsbury.",0,,2024-05-13,"Agreed to by House by voice vote",https://legiscan.com/VA/bill/HR675/2024/X1,https://lis.virginia.gov/cgi-bin/legp604.exe?242+sum+HR675
1877764,2139,HR676,4,Passed,2024-05-13,"Commending the Blue Ridge Christian School girls' basketball team.","Commending the Blue Ridge Christian School girls' basketball team.",0,,2024-05-13,"Agreed to by House by voice vote",https://legiscan.com/VA/bill/HR676/2024/X1,https://lis.virginia.gov/cgi-bin/legp604.exe?242+sum+HR676
1877756,2139,HR677,4,Passed,2024-05-13,"Commending Anil Boinapalli.","Commending Anil Boinapalli.",0,,2024-05-13,"Agreed to by House by voice vote",https://legiscan.com/VA/bill/HR677/2024/X1,https://lis.virginia.gov/cgi-bin/legp604.exe?242+sum+HR677
1877758,2139,HR678,4,Passed,2024-05-13,"Commending the Loudoun Therapeutic Riding Center.","Commending the Loudoun Therapeutic Riding Center.",0,,2024-05-13,"Agreed to by House by voice vote",https://legiscan.com/VA/bill/HR678/2024/X1,https://lis.virginia.gov/cgi-bin/legp604.exe?242+sum+HR678
1877843,2139,HR679,4,Passed,2024-05-13,"Commending Eugene M. Scheel.","Commending Eugene M. Scheel.",0,,2024-05-13,"Bill text as passed House (HR679ER)",https://legiscan.com/VA/bill/HR679/2024/X1,https://legacylis.virginia.gov/cgi-bin/legp604.exe?242+sum+HR679
1877763,2139,HR680,4,Passed,2024-05-13,"Celebrating the life of the Honorable John Patrick Graybeal.","Celebrating the life of the Honorable John Patrick Graybeal.",0,,2024-05-13,"Agreed to by House",https://legiscan.com/VA/bill/HR680/2024/X1,https://lis.virginia.gov/cgi-bin/legp604.exe?242+sum+HR680
1877964,2139,HR681,4,Passed,2024-05-13,"Commending Friday Night Live!","Commending Friday Night Live!",0,,2024-05-13,"Agreed to by House by voice vote",https://legiscan.com/VA/bill/HR681/2024/X1,https://lis.virginia.gov/cgi-bin/legp604.exe?242+sum+HR681
1877822,2139,HR682,4,Passed,2024-05-13,"Celebrating the life of Janice Pryde Davies.","Celebrating the life of Janice Pryde Davies.",0,,2024-05-13,"Bill text as passed House (HR682ER)",https://legiscan.com/VA/bill/HR682/2024/X1,https://legacylis.virginia.gov/cgi-bin/legp604.exe?242+sum+HR682
1878088,2139,HR683,4,Passed,2024-05-13,"Celebrating the life of David P. Helms.","Celebrating the life of David P. Helms.",0,,2024-05-13,"Bill text as passed House (HR683ER)",https://legiscan.com/VA/bill/HR683/2024/X1,https://lis.virginia.gov/cgi-bin/legp604.exe?242+sum+HR683
1878002,2139,HR684,4,Passed,2024-05-13,"Commending Doug Straley.","Commending Doug Straley.",0,,2024-05-13,"Agreed to by House by voice vote",https://legiscan.com/VA/bill/HR684/2024/X1,https://lis.virginia.gov/cgi-bin/legp604.exe?242+sum+HR684
1878052,2139,HR685,4,Passed,2024-05-13,"Judges; nominations for election to circuit court.","Nominating persons to be elected to circuit court judgeships.",0,,2024-05-13,"Bill text as passed House (HR685ER)",https://legiscan.com/VA/bill/HR685/2024/X1,https://lis.virginia.gov/cgi-bin/legp604.exe?242+sum+HR685
1877836,2139,HR686,4,Passed,2024-05-13,"Judges; nominations for election to general district court.","Nominating persons to be elected to general district court judgeships.",0,,2024-05-13,"Agreed to by House by voice vote",https://legiscan.com/VA/bill/HR686/2024/X1,https://lis.virginia.gov/cgi-bin/legp604.exe?242+sum+HR686
1877834,2139,HR687,4,Passed,2024-05-13,"Judge; nomination for election to juvenile and domestic relations district court.","Nominating a person to be elected to a juvenile and domestic relations district court judgeship.",0,,2024-05-13,"Agreed to by House by voice vote",https://legiscan.com/VA/bill/HR687/2024/X1,https://lis.virginia.gov/cgi-bin/legp604.exe?242+sum+HR687
1878102,2139,HR688,4,Passed,2024-05-13,"Commending the Reverend Dr. Melvin Marriner.","Commending the Reverend Dr. Melvin Marriner.",0,,2024-05-13,"Bill text as passed House (HR688ER)",https://legiscan.com/VA/bill/HR688/2024/X1,https://lis.virginia.gov/cgi-bin/legp604.exe?242+sum+HR688
1877831,2139,HR689,4,Passed,2024-05-13,"Commending Mary Redd Nelson.","Commending Mary Redd Nelson.",0,,2024-05-13,"Bill text as passed House (HR689ER)",https://legiscan.com/VA/bill/HR689/2024/X1,https://legacylis.virginia.gov/cgi-bin/legp604.exe?242+sum+HR689
1878005,2139,HR690,4,Passed,2024-05-13,"Celebrating the life of Darius Joshua Appiah.","Celebrating the life of Darius Joshua Appiah.",0,,2024-05-13,"Agreed to by House",https://legiscan.com/VA/bill/HR690/2024/X1,https://lis.virginia.gov/cgi-bin/legp604.exe?242+sum+HR690
1882822,2139,HR691,4,Passed,2024-06-28,"Commending Shiloh Baptist Church (Old Site).","Commending Shiloh Baptist Church (Old Site).",0,,2024-06-28,"Bill text as passed House (HR691ER)",https://legiscan.com/VA/bill/HR691/2024/X1,https://lis.virginia.gov/cgi-bin/legp604.exe?242+sum+HR691
1882841,2139,HR692,4,Passed,2024-06-28,"Commending Edmund Elliott.","Commending Edmund Elliott.",0,,2024-06-28,"Bill text as passed House (HR692ER)",https://legiscan.com/VA/bill/HR692/2024/X1,https://lis.virginia.gov/cgi-bin/legp604.exe?242+sum+HR692
1882856,2139,HR693,4,Passed,2024-06-28,"Celebrating the life of Erma Dean Wiggins Price.","Celebrating the life of Erma Dean Wiggins Price.",0,,2024-06-28,"Bill text as passed House (HR693ER)",https://legiscan.com/VA/bill/HR693/2024/X1,https://lis.virginia.gov/cgi-bin/legp604.exe?242+sum+HR693
1882819,2139,HR694,4,Passed,2024-06-28,"Commending Nikisha Diehl.","Commending Nikisha Diehl.",0,,2024-06-28,"Bill text as passed House (HR694ER)",https://legiscan.com/VA/bill/HR694/2024/X1,https://lis.virginia.gov/cgi-bin/legp604.exe?242+sum+HR694
1882869,2139,HR695,4,Passed,2024-06-28,"Commending Andrew Bango.","Commending Andrew Bango.",0,,2024-06-28,"Bill text as passed House (HR695ER)",https://legiscan.com/VA/bill/HR695/2024/X1,https://lis.virginia.gov/cgi-bin/legp604.exe?242+sum+HR695
1882797,2139,HR696,4,Passed,2024-06-28,"Commending Kimberly Poole.","Commending Kimberly Poole.",0,,2024-06-28,"Bill text as passed House (HR696ER)",https://legiscan.com/VA/bill/HR696/2024/X1,https://lis.virginia.gov/cgi-bin/legp604.exe?242+sum+HR696
1882829,2139,HR697,4,Passed,2024-06-28,"Commending Jeffrey Joseph.","Commending Jeffrey Joseph.",0,,2024-06-28,"Bill text as passed House (HR697ER)",https://legiscan.com/VA/bill/HR697/2024/X1,https://lis.virginia.gov/cgi-bin/legp604.exe?242+sum+HR697
1883010,2139,HR698,4,Passed,2024-06-28,"Commending Carolyn Kirkland.","Commending Carolyn Kirkland.",0,,2024-06-28,"Bill text as passed House (HR698ER)",https://legiscan.com/VA/bill/HR698/2024/X1,https://lis.virginia.gov/cgi-bin/legp604.exe?242+sum+HR698
1883088,2139,HR699,4,Passed,2024-06-28,"Celebrating the life of Melvin Eugene Walker.","Celebrating the life of Melvin Eugene Walker.",0,,2024-06-28,"Bill text as passed House (HR699ER)",https://legiscan.com/VA/bill/HR699/2024/X1,https://lis.virginia.gov/cgi-bin/legp604.exe?242+sum+HR699
1883121,2139,HR700,4,Passed,2024-06-28,"Celebrating the life of Ronald Earl Stitzer.","Celebrating the life of Ronald Earl Stitzer.",0,,2024-06-28,"Bill text as passed House (HR700ER)",https://legiscan.com/VA/bill/HR700/2024/X1,https://lis.virginia.gov/cgi-bin/legp604.exe?242+sum+HR700
1883125,2139,HR701,4,Passed,2024-06-28,"Commending the Brunswick Academy softball team.","Commending the Brunswick Academy softball team.",0,,2024-06-28,"Bill text as passed House (HR701ER)",https://legiscan.com/VA/bill/HR701/2024/X1,https://lis.virginia.gov/cgi-bin/legp604.exe?242+sum+HR701
1883128,2139,HR702,4,Passed,2024-06-28,"Celebrating the life of Darrell Lynn Stoots.","Celebrating the life of Darrell Lynn Stoots.",0,,2024-06-28,"Bill text as passed House (HR702ER)",https://legiscan.com/VA/bill/HR702/2024/X1,https://lis.virginia.gov/cgi-bin/legp604.exe?242+sum+HR702
1883179,2139,HR703,4,Passed,2024-06-28,"Celebrating the life of Sandra Jane Ratliff.","Celebrating the life of Sandra Jane Ratliff.",0,,2024-06-28,"Bill text as passed House (HR703ER)",https://legiscan.com/VA/bill/HR703/2024/X1,https://lis.virginia.gov/cgi-bin/legp604.exe?242+sum+HR703
1883151,2139,HR704,4,Passed,2024-06-28,"Commending the Virginia Highlands Festival.","Commending the Virginia Highlands Festival.",0,,2024-06-28,"Bill text as passed House (HR704ER)",https://legiscan.com/VA/bill/HR704/2024/X1,https://lis.virginia.gov/cgi-bin/legp604.exe?242+sum+HR704
1883250,2139,HR705,4,Passed,2024-06-28,"Commending the Ahmadiyya Muslim Community USA.","Commending the Ahmadiyya Muslim Community USA.",0,,2024-06-28,"Bill text as passed House (HR705ER)",https://legiscan.com/VA/bill/HR705/2024/X1,https://lis.virginia.gov/cgi-bin/legp604.exe?242+sum+HR705
1883273,2139,HR706,1,Introduced,2024-06-25,"Celebrating the life of Donald R. Craig.","Celebrating the life of Donald R. Craig.",0,,2024-06-28,"Stricken from House calendar",https://legiscan.com/VA/bill/HR706/2024/X1,https://lis.virginia.gov/cgi-bin/legp604.exe?242+sum+HR706
1883256,2139,HR707,4,Passed,2024-06-28,"Commending Colonel Joseph V. Messina, USA.","Commending Colonel Joseph V. Messina, USA.",0,,2024-06-28,"Bill text as passed House (HR707ER)",https://legiscan.com/VA/bill/HR707/2024/X1,https://lis.virginia.gov/cgi-bin/legp604.exe?242+sum+HR707
1883262,2139,HR708,4,Passed,2024-06-28,"Commending Kristen M. Nye.","Commending Kristen M. Nye.",0,,2024-06-28,"Bill text as passed House (HR708ER)",https://legiscan.com/VA/bill/HR708/2024/X1,https://lis.virginia.gov/cgi-bin/legp604.exe?242+sum+HR708
1883268,2139,HR709,4,Passed,2024-06-28,"Commending Forest Hill Presbyterian Church.","Commending Forest Hill Presbyterian Church.",0,,2024-06-28,"Bill text as passed House (HR709ER)",https://legiscan.com/VA/bill/HR709/2024/X1,https://lis.virginia.gov/cgi-bin/legp604.exe?242+sum+HR709
1883282,2139,HR710,4,Passed,2024-06-28,"Celebrating the life of Leslie Ramey.","Celebrating the life of Leslie Ramey.",0,,2024-06-28,"Bill text as passed House (HR710ER)",https://legiscan.com/VA/bill/HR710/2024/X1,https://lis.virginia.gov/cgi-bin/legp604.exe?242+sum+HR710
1883289,2139,HR711,4,Passed,2024-06-28,"Commending Hooker Furnishings Corporation.","Commending Hooker Furnishings Corporation.",0,,2024-06-28,"Bill text as passed House (HR711ER)",https://legiscan.com/VA/bill/HR711/2024/X1,https://lis.virginia.gov/cgi-bin/legp604.exe?242+sum+HR711
1883297,2139,HR712,4,Passed,2024-06-28,"Commending Carter Bank & Trust.","Commending Carter Bank & Trust.",0,,2024-06-28,"Bill text as passed House (HR712ER)",https://legiscan.com/VA/bill/HR712/2024/X1,https://lis.virginia.gov/cgi-bin/legp604.exe?242+sum+HR712
1883312,2139,HR713,4,Passed,2024-06-28,"Commending Eddie L. Radden, Jr.","Commending Eddie L. Radden, Jr.",0,,2024-06-28,"Bill text as passed House (HR713ER)",https://legiscan.com/VA/bill/HR713/2024/X1,https://lis.virginia.gov/cgi-bin/legp604.exe?242+sum+HR713
1883306,2139,HR714,4,Passed,2024-06-28,"Commending Beverly Johnson.","Commending Beverly Johnson.",0,,2024-06-28,"Bill text as passed House (HR714ER)",https://legiscan.com/VA/bill/HR714/2024/X1,https://lis.virginia.gov/cgi-bin/legp604.exe?242+sum+HR714
1883402,2139,HR715,4,Passed,2024-06-28,"Commending the Carver Road Ruritan Club.","Commending the Carver Road Ruritan Club.",0,,2024-06-28,"Bill text as passed House (HR715ER)",https://legiscan.com/VA/bill/HR715/2024/X1,https://lis.virginia.gov/cgi-bin/legp604.exe?242+sum+HR715
1883399,2139,HR716,4,Passed,2024-06-28,"Commemorating the life and legacy of Sallie Chew Baker.","Commemorating the life and legacy of Sallie Chew Baker.",0,,2024-06-28,"Bill text as passed House (HR716ER)",https://legiscan.com/VA/bill/HR716/2024/X1,https://lis.virginia.gov/cgi-bin/legp604.exe?242+sum+HR716
1883400,2139,HR717,4,Passed,2024-06-28,"Commending Arletha Quash Rucker.","Commending Arletha Quash Rucker.",0,,2024-06-28,"Bill text as passed House (HR717ER)",https://legiscan.com/VA/bill/HR717/2024/X1,https://lis.virginia.gov/cgi-bin/legp604.exe?242+sum+HR717
1883392,2139,HR718,4,Passed,2024-06-28,"Commending Harriet Tillman Harris.","Commending Harriet Tillman Harris.",0,,2024-06-28,"Bill text as passed House (HR718ER)",https://legiscan.com/VA/bill/HR718/2024/X1,https://lis.virginia.gov/cgi-bin/legp604.exe?242+sum+HR718
1883398,2139,HR719,4,Passed,2024-06-28,"Commending Justin Journette.","Commending Justin Journette.",0,,2024-06-28,"Bill text as passed House (HR719ER)",https://legiscan.com/VA/bill/HR719/2024/X1,https://lis.virginia.gov/cgi-bin/legp604.exe?242+sum+HR719
1883404,2139,HR720,4,Passed,2024-06-28,"Celebrating the life of Randolph Nicklas Reynolds, Sr.","Celebrating the life of Randolph Nicklas Reynolds, Sr.",0,,2024-06-28,"Bill text as passed House (HR720ER)",https://legiscan.com/VA/bill/HR720/2024/X1,https://lis.virginia.gov/cgi-bin/legp604.exe?242+sum+HR720
1883396,2139,HR721,4,Passed,2024-06-28,"Celebrating the life of Helen Barbara Dean.","Celebrating the life of Helen Barbara Dean.",0,,2024-06-28,"Bill text as passed House (HR721ER)",https://legiscan.com/VA/bill/HR721/2024/X1,https://lis.virginia.gov/cgi-bin/legp604.exe?242+sum+HR721
1883393,2139,HR722,4,Passed,2024-06-28,"Commending the Roanoke Alumnae Chapter of Delta Sigma Theta Sorority, Inc.","Commending the Roanoke Alumnae Chapter of Delta Sigma Theta Sorority, Inc.",0,,2024-06-28,"Bill text as passed House (HR722ER)",https://legiscan.com/VA/bill/HR722/2024/X1,https://lis.virginia.gov/cgi-bin/legp604.exe?242+sum+HR722
1883403,2139,HR723,4,Passed,2024-06-28,"Celebrating the life of the Reverend Lee Andrew Pusha, Jr.","Celebrating the life of the Reverend Lee Andrew Pusha, Jr.",0,,2024-06-28,"Bill text as passed House (HR723ER)",https://legiscan.com/VA/bill/HR723/2024/X1,https://lis.virginia.gov/cgi-bin/legp604.exe?242+sum+HR723
1883395,2139,HR724,4,Passed,2024-06-28,"Celebrating the life of Lieutenant Lamuel Scott Prater.","Celebrating the life of Lieutenant Lamuel Scott Prater.",0,,2024-06-28,"Bill text as passed House (HR724ER)",https://legiscan.com/VA/bill/HR724/2024/X1,https://lis.virginia.gov/cgi-bin/legp604.exe?242+sum+HR724
1883435,2139,HR725,4,Passed,2024-06-28,"Commending the Patrick & Henry Community College women's softball team.","Commending the Patrick & Henry Community College women's softball team.",0,,2024-06-28,"Bill text as passed House (HR725ER)",https://legiscan.com/VA/bill/HR725/2024/X1,https://lis.virginia.gov/cgi-bin/legp604.exe?242+sum+HR725
1883424,2139,HR726,4,Passed,2024-06-28,"Commending Bank of Botetourt.","Commending Bank of Botetourt.",0,,2024-06-28,"Bill text as passed House (HR726ER)",https://legiscan.com/VA/bill/HR726/2024/X1,https://lis.virginia.gov/cgi-bin/legp604.exe?242+sum+HR726
1883597,2139,HR727,4,Passed,2024-06-28,"Commending Hite's Clothing.","Commending Hite's Clothing.",0,,2024-06-28,"Bill text as passed House (HR727ER)",https://legiscan.com/VA/bill/HR727/2024/X1,https://lis.virginia.gov/cgi-bin/legp604.exe?242+sum+HR727
1883593,2139,HR728,4,Passed,2024-06-28,"Commending Clarksville Auto Supply, Inc.","Commending Clarksville Auto Supply, Inc.",0,,2024-06-28,"Bill text as passed House (HR728ER)",https://legiscan.com/VA/bill/HR728/2024/X1,https://lis.virginia.gov/cgi-bin/legp604.exe?242+sum+HR728
1883591,2139,HR729,4,Passed,2024-06-28,"Commending Harper's Jewelry.","Commending Harper's Jewelry.",0,,2024-06-28,"Bill text as passed House (HR729ER)",https://legiscan.com/VA/bill/HR729/2024/X1,https://lis.virginia.gov/cgi-bin/legp604.exe?242+sum+HR729
1883605,2139,HR730,4,Passed,2024-06-28,"Commending Grandfather's Country Creations.","Commending Grandfather's Country Creations.",0,,2024-06-28,"Bill text as passed House (HR730ER)",https://legiscan.com/VA/bill/HR730/2024/X1,https://lis.virginia.gov/cgi-bin/legp604.exe?242+sum+HR730
1883595,2139,HR731,4,Passed,2024-06-28,"Commending Arlington Neighborhood Village.","Commending Arlington Neighborhood Village.",0,,2024-06-28,"Bill text as passed House (HR731ER)",https://legiscan.com/VA/bill/HR731/2024/X1,https://lis.virginia.gov/cgi-bin/legp604.exe?242+sum+HR731
1883602,2139,HR732,4,Passed,2024-06-28,"Commending VCU Health Community Memorial Hospital.","Commending VCU Health Community Memorial Hospital.",0,,2024-06-28,"Bill text as passed House (HR732ER)",https://legiscan.com/VA/bill/HR732/2024/X1,https://lis.virginia.gov/cgi-bin/legp604.exe?242+sum+HR732
1883603,2139,HR733,4,Passed,2024-06-28,"Celebrating the life of Donald R. Craig.","Celebrating the life of Donald R. Craig.",0,,2024-06-28,"Bill text as passed House (HR733ER)",https://legiscan.com/VA/bill/HR733/2024/X1,https://lis.virginia.gov/cgi-bin/legp604.exe?242+sum+HR733
1883606,2139,HR734,4,Passed,2024-06-28,"Commending the Honorable Robert F. McDonnell.","Commending the Honorable Robert F. McDonnell.",0,,2024-06-28,"Bill text as passed House (HR734ER)",https://legiscan.com/VA/bill/HR734/2024/X1,https://lis.virginia.gov/cgi-bin/legp604.exe?242+sum+HR734
1883592,2139,HR735,4,Passed,2024-06-28,"Commending the Reverend Timothy Nuckles.","Commending the Reverend Timothy Nuckles.",0,,2024-06-28,"Bill text as passed House (HR735ER)",https://legiscan.com/VA/bill/HR735/2024/X1,https://lis.virginia.gov/cgi-bin/legp604.exe?242+sum+HR735
1883631,2139,HR736,4,Passed,2024-06-28,"Celebrating the life of King L. Johnson.","Celebrating the life of King L. Johnson.",0,,2024-06-28,"Bill text as passed House (HR736ER)",https://legiscan.com/VA/bill/HR736/2024/X1,https://lis.virginia.gov/cgi-bin/legp604.exe?242+sum+HR736
1883604,2139,HR737,4,Passed,2024-06-28,"Celebrating the life of Floyd H. Miles, Jr.","Celebrating the life of Floyd H. Miles, Jr.",0,,2024-06-28,"Bill text as passed House (HR737ER)",https://legiscan.com/VA/bill/HR737/2024/X1,https://lis.virginia.gov/cgi-bin/legp604.exe?242+sum+HR737
1883588,2139,HR738,4,Passed,2024-06-28,"Celebrating the life of Gregory Maurice Beckwith, Sr.","Celebrating the life of Gregory Maurice Beckwith, Sr.",0,,2024-06-28,"Bill text as passed House (HR738ER)",https://legiscan.com/VA/bill/HR738/2024/X1,https://lis.virginia.gov/cgi-bin/legp604.exe?242+sum+HR738
1883599,2139,HR739,4,Passed,2024-06-28,"Commending Culpeper Baptist Church.","Commending Culpeper Baptist Church.",0,,2024-06-28,"Bill text as passed House (HR739ER)",https://legiscan.com/VA/bill/HR739/2024/X1,https://lis.virginia.gov/cgi-bin/legp604.exe?242+sum+HR739
1883589,2139,HR740,4,Passed,2024-06-28,"Commending the McLean High School baseball team.","Commending the McLean High School baseball team.",0,,2024-06-28,"Bill text as passed House (HR740ER)",https://legiscan.com/VA/bill/HR740/2024/X1,https://lis.virginia.gov/cgi-bin/legp604.exe?242+sum+HR740
1883590,2139,HR741,4,Passed,2024-06-28,"Commending ViVa! Vienna!","Commending ViVa! Vienna!",0,,2024-06-28,"Bill text as passed House (HR741ER)",https://legiscan.com/VA/bill/HR741/2024/X1,https://lis.virginia.gov/cgi-bin/legp604.exe?242+sum+HR741
1883598,2139,HR742,4,Passed,2024-06-28,"Commending the Rotary Club of Waynesboro.","Commending the Rotary Club of Waynesboro.",0,,2024-06-28,"Bill text as passed House (HR742ER)",https://legiscan.com/VA/bill/HR742/2024/X1,https://lis.virginia.gov/cgi-bin/legp604.exe?242+sum+HR742
1883601,2139,HR743,4,Passed,2024-06-28,"Commending Nathaniel L. Bishop.","Commending Nathaniel L. Bishop.",0,,2024-06-28,"Bill text as passed House (HR743ER)",https://legiscan.com/VA/bill/HR743/2024/X1,https://lis.virginia.gov/cgi-bin/legp604.exe?242+sum+HR743
1883600,2139,HR744,4,Passed,2024-06-28,"Commending Shelor Motor Mile.","Commending Shelor Motor Mile.",0,,2024-06-28,"Bill text as passed House (HR744ER)",https://legiscan.com/VA/bill/HR744/2024/X1,https://lis.virginia.gov/cgi-bin/legp604.exe?242+sum+HR744
1883594,2139,HR745,4,Passed,2024-06-28,"Commending the Christiansburg High School softball team.","Commending the Christiansburg High School softball team.",0,,2024-06-28,"Bill text as passed House (HR745ER)",https://legiscan.com/VA/bill/HR745/2024/X1,https://lis.virginia.gov/cgi-bin/legp604.exe?242+sum+HR745
1883596,2139,HR746,4,Passed,2024-06-28,"Commending the Narrows High School boys' track and field team.","Commending the Narrows High School boys' track and field team.",0,,2024-06-28,"Bill text as passed House (HR746ER)",https://legiscan.com/VA/bill/HR746/2024/X1,https://lis.virginia.gov/cgi-bin/legp604.exe?242+sum+HR746
1883612,2139,HR747,4,Passed,2024-06-28,"Celebrating the life of Chris Anthony Thompson.","Celebrating the life of Chris Anthony Thompson.",0,,2024-06-28,"Bill text as passed House (HR747ER)",https://legiscan.com/VA/bill/HR747/2024/X1,https://lis.virginia.gov/cgi-bin/legp604.exe?242+sum+HR747
1883638,2139,HR748,4,Passed,2024-06-28,"Commending Thomas Dix.","Commending Thomas Dix.",0,,2024-06-28,"Bill text as passed House (HR748ER)",https://legiscan.com/VA/bill/HR748/2024/X1,https://lis.virginia.gov/cgi-bin/legp604.exe?242+sum+HR748
1883614,2139,HR749,4,Passed,2024-06-28,"Commending Jane Cabarrus.","Commending Jane Cabarrus.",0,,2024-06-28,"Bill text as passed House (HR749ER)",https://legiscan.com/VA/bill/HR749/2024/X1,https://lis.virginia.gov/cgi-bin/legp604.exe?242+sum+HR749
1883629,2139,HR750,4,Passed,2024-06-28,"Celebrating the life of Joseph Henry Seipel.","Celebrating the life of Joseph Henry Seipel.",0,,2024-06-28,"Bill text as passed House (HR750ER)",https://legiscan.com/VA/bill/HR750/2024/X1,https://lis.virginia.gov/cgi-bin/legp604.exe?242+sum+HR750
1883623,2139,HR751,4,Passed,2024-06-28,"Celebrating the life of Charles Armistead Blanton III.","Celebrating the life of Charles Armistead Blanton III.",0,,2024-06-28,"Bill text as passed House (HR751ER)",https://legiscan.com/VA/bill/HR751/2024/X1,https://lis.virginia.gov/cgi-bin/legp604.exe?242+sum+HR751
1883637,2139,HR752,4,Passed,2024-06-28,"Celebrating the life of William Betts Wiltshire.","Celebrating the life of William Betts Wiltshire.",0,,2024-06-28,"Bill text as passed House (HR752ER)",https://legiscan.com/VA/bill/HR752/2024/X1,https://lis.virginia.gov/cgi-bin/legp604.exe?242+sum+HR752
1883635,2139,HR753,4,Passed,2024-06-28,"Commending Jarad Phelps.","Commending Jarad Phelps.",0,,2024-06-28,"Bill text as passed House (HR753ER)",https://legiscan.com/VA/bill/HR753/2024/X1,https://lis.virginia.gov/cgi-bin/legp604.exe?242+sum+HR753
1883619,2139,HR754,4,Passed,2024-06-28,"Celebrating the life of Rebecca Hanna Lyon Scarborough.","Celebrating the life of Rebecca Hanna Lyon Scarborough.",0,,2024-06-28,"Bill text as passed House (HR754ER)",https://legiscan.com/VA/bill/HR754/2024/X1,https://lis.virginia.gov/cgi-bin/legp604.exe?242+sum+HR754
1883616,2139,HR755,4,Passed,2024-06-28,"Commending the Muslim Association of Virginia.","Commending the Muslim Association of Virginia.",0,,2024-06-28,"Bill text as passed House (HR755ER)",https://legiscan.com/VA/bill/HR755/2024/X1,https://lis.virginia.gov/cgi-bin/legp604.exe?242+sum+HR755
1883624,2139,HR756,4,Passed,2024-06-28,"Celebrating the life of Maxwell Winn Watkins, Jr.","Celebrating the life of Maxwell Winn Watkins, Jr.",0,,2024-06-28,"Bill text as passed House (HR756ER)",https://legiscan.com/VA/bill/HR756/2024/X1,https://lis.virginia.gov/cgi-bin/legp604.exe?242+sum+HR756
1883626,2139,HR757,4,Passed,2024-06-28,"Commending Nyla Harris.","Commending Nyla Harris.",0,,2024-06-28,"Bill text as passed House (HR757ER)",https://legiscan.com/VA/bill/HR757/2024/X1,https://lis.virginia.gov/cgi-bin/legp604.exe?242+sum+HR757
1883610,2139,HR758,4,Passed,2024-06-28,"Commending Mount Hermon Baptist Church.","Commending Mount Hermon Baptist Church.",0,,2024-06-28,"Bill text as passed House (HR758ER)",https://legiscan.com/VA/bill/HR758/2024/X1,https://lis.virginia.gov/cgi-bin/legp604.exe?242+sum+HR758
1883620,2139,HR759,4,Passed,2024-06-28,"Commending Dennis M. Ellmer.","Commending Dennis M. Ellmer.",0,,2024-06-28,"Bill text as passed House (HR759ER)",https://legiscan.com/VA/bill/HR759/2024/X1,https://lis.virginia.gov/cgi-bin/legp604.exe?242+sum+HR759
1883633,2139,HR760,4,Passed,2024-06-28,"Commending Chief Warrant Officer Five (CW5) Marvin R. McKenney, Jr., VNG, Ret.","Commending Chief Warrant Officer Five (CW5) Marvin R. McKenney, Jr., VNG, Ret.",0,,2024-06-28,"Bill text as passed House (HR760ER)",https://legiscan.com/VA/bill/HR760/2024/X1,https://lis.virginia.gov/cgi-bin/legp604.exe?242+sum+HR760
1883645,2139,HR761,4,Passed,2024-06-28,"Commending Eddie L. Radden, Jr.","Commending Eddie L. Radden, Jr.",0,,2024-06-28,"Bill text as passed House (HR761ER)",https://legiscan.com/VA/bill/HR761/2024/X1,https://lis.virginia.gov/cgi-bin/legp604.exe?242+sum+HR761
1883649,2139,HR762,4,Passed,2024-06-28,"Commending the Bruton High School boys' tennis team.","Commending the Bruton High School boys' tennis team.",0,,2024-06-28,"Bill text as passed House (HR762ER)",https://legiscan.com/VA/bill/HR762/2024/X1,https://lis.virginia.gov/cgi-bin/legp604.exe?242+sum+HR762
1883648,2139,HR763,4,Passed,2024-06-28,"Commending the York High School baseball team.","Commending the York High School baseball team.",0,,2024-06-28,"Bill text as passed House (HR763ER)",https://legiscan.com/VA/bill/HR763/2024/X1,https://lis.virginia.gov/cgi-bin/legp604.exe?242+sum+HR763
1883647,2139,HR764,4,Passed,2024-06-28,"Celebrating the life of Francis Xavier O'Leary.","Celebrating the life of Francis Xavier O'Leary.",0,,2024-06-28,"Bill text as passed House (HR764ER)",https://legiscan.com/VA/bill/HR764/2024/X1,https://lis.virginia.gov/cgi-bin/legp604.exe?242+sum+HR764
1883646,2139,HR765,4,Passed,2024-06-28,"Commending Evan Hoffmann.","Commending Evan Hoffmann.",0,,2024-06-28,"Bill text as passed House (HR765ER)",https://legiscan.com/VA/bill/HR765/2024/X1,https://lis.virginia.gov/cgi-bin/legp604.exe?242+sum+HR765
1883693,2139,HR766,4,Passed,2024-06-28,"Commending the Tri-City Chili Peppers.","Commending the Tri-City Chili Peppers. Commending the Tri-City Chili Peppers.",0,,2024-06-28,"Bill text as passed House (HR766ER)",https://legiscan.com/VA/bill/HR766/2024/X1,https://lis.virginia.gov/cgi-bin/legp604.exe?242+sum+HR766
1883705,2139,HR767,4,Passed,2024-06-28,"Commending Devotion to Children.","Commending Devotion to Children.",0,,2024-06-28,"Bill text as passed House (HR767ER)",https://legiscan.com/VA/bill/HR767/2024/X1,https://lis.virginia.gov/cgi-bin/legp604.exe?242+sum+HR767
1883702,2139,HR768,4,Passed,2024-06-28,"Commending Volunteer Fairfax.","Commending Volunteer Fairfax.",0,,2024-06-28,"Bill text as passed House (HR768ER)",https://legiscan.com/VA/bill/HR768/2024/X1,https://lis.virginia.gov/cgi-bin/legp604.exe?242+sum+HR768
1883706,2139,HR769,4,Passed,2024-06-28,"Commending Brynn Van Brunt.","Commending Brynn Van Brunt.",0,,2024-06-28,"Bill text as passed House (HR769ER)",https://legiscan.com/VA/bill/HR769/2024/X1,https://lis.virginia.gov/cgi-bin/legp604.exe?242+sum+HR769
1883704,2139,HR770,4,Passed,2024-06-28,"Commending the Rappahannock High School girls' tennis team.","Commending the Rappahannock High School girls' tennis team.",0,,2024-06-28,"Bill text as passed House (HR770ER)",https://legiscan.com/VA/bill/HR770/2024/X1,https://lis.virginia.gov/cgi-bin/legp604.exe?242+sum+HR770
1883698,2139,HR771,4,Passed,2024-06-28,"Commending the Rappahannock High School baseball team.","Commending the Rappahannock High School baseball team.",0,,2024-06-28,"Bill text as passed House (HR771ER)",https://legiscan.com/VA/bill/HR771/2024/X1,https://lis.virginia.gov/cgi-bin/legp604.exe?242+sum+HR771
1883700,2139,HR772,4,Passed,2024-06-28,"Celebrating the life of Christine L. Marrow.","Celebrating the life of Christine L. Marrow.",0,,2024-06-28,"Bill text as passed House (HR772ER)",https://legiscan.com/VA/bill/HR772/2024/X1,https://lis.virginia.gov/cgi-bin/legp604.exe?242+sum+HR772
1883690,2139,HR773,4,Passed,2024-06-28,"Celebrating the life of Lois D. McClellan.","Celebrating the life of Lois D. McClellan.",0,,2024-06-28,"Bill text as passed House (HR773ER)",https://legiscan.com/VA/bill/HR773/2024/X1,https://lis.virginia.gov/cgi-bin/legp604.exe?242+sum+HR773
1883684,2139,HR774,4,Passed,2024-06-28,"Celebrating the life of Colonel Porcher L. Taylor, USA, Ret.","Celebrating the life of Colonel Porcher L. Taylor, USA, Ret.",0,,2024-06-28,"Bill text as passed House (HR774ER)",https://legiscan.com/VA/bill/HR774/2024/X1,https://lis.virginia.gov/cgi-bin/legp604.exe?242+sum+HR774
1883701,2139,HR775,4,Passed,2024-06-28,"Celebrating the life of James P. McLaughlin.","Celebrating the life of James P. McLaughlin.",0,,2024-06-28,"Bill text as passed House (HR775ER)",https://legiscan.com/VA/bill/HR775/2024/X1,https://lis.virginia.gov/cgi-bin/legp604.exe?242+sum+HR775
1883697,2139,HR776,4,Passed,2024-06-28,"Commending the Osbourn Park High School softball team.","Commending the Osbourn Park High School softball team.",0,,2024-06-28,"Bill text as passed House (HR776ER)",https://legiscan.com/VA/bill/HR776/2024/X1,https://lis.virginia.gov/cgi-bin/legp604.exe?242+sum+HR776
1883685,2139,HR777,4,Passed,2024-06-28,"Celebrating the life of Master Chief Petty Officer William Goines, USN, Ret.","Celebrating the life of Master Chief Petty Officer William Goines, USN, Ret.",0,,2024-06-28,"Bill text as passed House (HR777ER)",https://legiscan.com/VA/bill/HR777/2024/X1,https://lis.virginia.gov/cgi-bin/legp604.exe?242+sum+HR777
1883708,2139,HR778,4,Passed,2024-06-28,"Celebrating the life of Beulah Lorraine Stowe Carey.","Celebrating the life of Beulah Lorraine Stowe Carey.",0,,2024-06-28,"Bill text as passed House (HR778ER)",https://legiscan.com/VA/bill/HR778/2024/X1,https://lis.virginia.gov/cgi-bin/legp604.exe?242+sum+HR778
1883688,2139,HR779,4,Passed,2024-06-28,"Commending Communities In Schools of Virginia.","Commending Communities In Schools of Virginia.",0,,2024-06-28,"Bill text as passed House (HR779ER)",https://legiscan.com/VA/bill/HR779/2024/X1,https://lis.virginia.gov/cgi-bin/legp604.exe?242+sum+HR779
1883694,2139,HR780,4,Passed,2024-06-28,"Commending Sheila C. Haughey.","Commending Sheila C. Haughey.",0,,2024-06-28,"Bill text as passed House (HR780ER)",https://legiscan.com/VA/bill/HR780/2024/X1,https://lis.virginia.gov/cgi-bin/legp604.exe?242+sum+HR780
1883683,2139,HR781,4,Passed,2024-06-28,"Commending Immanuel Mar Thoma Church.","Commending Immanuel Mar Thoma Church.",0,,2024-06-28,"Bill text as passed House (HR781ER)",https://legiscan.com/VA/bill/HR781/2024/X1,https://lis.virginia.gov/cgi-bin/legp604.exe?242+sum+HR781
1883703,2139,HR782,4,Passed,2024-06-28,"Commending The IncuHub.","Commending The IncuHub.",0,,2024-06-28,"Bill text as passed House (HR782ER)",https://legiscan.com/VA/bill/HR782/2024/X1,https://lis.virginia.gov/cgi-bin/legp604.exe?242+sum+HR782
1883692,2139,HR783,4,Passed,2024-06-28,"Commending Alpha Phi Alpha Fraternity, Inc., and the Virginia Association of Chapters of Alpha Phi.","Commending Alpha Phi Alpha Fraternity, Inc., and the Virginia Association of Chapters of Alpha Phi Alpha Fraternity, Inc.",0,,2024-06-28,"Bill text as passed House (HR783ER)",https://legiscan.com/VA/bill/HR783/2024/X1,https://lis.virginia.gov/cgi-bin/legp604.exe?242+sum+HR783
1883686,2139,HR784,4,Passed,2024-07-18,"Commending Rutherford Ulysses Whitfield.","Commending Rutherford Ulysses Whitfield.",0,,2024-07-18,"Bill text as passed House (HR784ER)",https://legiscan.com/VA/bill/HR784/2024/X1,https://lis.virginia.gov/cgi-bin/legp604.exe?242+sum+HR784
1883699,2139,HR785,4,Passed,2024-07-18,"Celebrating the life of Geraldine Griffin.","Celebrating the life of Geraldine Griffin.",0,,2024-07-18,"Bill text as passed House (HR785ER)",https://legiscan.com/VA/bill/HR785/2024/X1,https://lis.virginia.gov/cgi-bin/legp604.exe?242+sum+HR785
1883691,2139,HR786,4,Passed,2024-07-18,"Commending Herndon-Reston Friendly Instant Sympathetic Help, Inc.","Commending Herndon%96Reston Friendly Instant Sympathetic Help, Inc.",0,,2024-07-18,"Bill text as passed House (HR786ER)",https://legiscan.com/VA/bill/HR786/2024/X1,https://lis.virginia.gov/cgi-bin/legp604.exe?242+sum+HR786
1883707,2139,HR787,4,Passed,2024-07-18,"Commending NOVA Parks.","Commending NOVA Parks.",0,,2024-07-18,"Bill text as passed House (HR787ER)",https://legiscan.com/VA/bill/HR787/2024/X1,https://lis.virginia.gov/cgi-bin/legp604.exe?242+sum+HR787
1883689,2139,HR788,4,Passed,2024-07-18,"Commending Specially Adapted Resource Centers.","Commending Specially Adapted Resource Centers.",0,,2024-07-18,"Bill text as passed House (HR788ER)",https://legiscan.com/VA/bill/HR788/2024/X1,https://lis.virginia.gov/cgi-bin/legp604.exe?242+sum+HR788
1877924,2139,HJR6001,4,Passed,2024-05-13,"General Assembly; 2024 Special Session I schedule.","Limiting legislation to be considered by the 2024 Special Limiting legislation to be considered by the 2024 Special Session I of the General Assembly and establishing a schedule for the conduct of business coming before such Special Session.",0,,2024-05-13,"Bill text as passed House and Senate (HJ6001ER)",https://legiscan.com/VA/bill/HJR6001/2024/X1,https://legacylis.virginia.gov/cgi-bin/legp604.exe?242+sum+HJ6001
1877848,2139,HJR6002,4,Passed,2024-05-13,"Judges; election in circuit court, general district court, and juvenile & domestic rel. district ct.","Election of Circuit Court Judges, General District Court Judges, and a Juvenile and Domestic Relations District Court Judge.",0,,2024-05-13,"Bill text as passed House and Senate (HJ6002ER)",https://legiscan.com/VA/bill/HJR6002/2024/X1,https://legacylis.virginia.gov/cgi-bin/legp604.exe?242+sum+HJ6002
1877731,2139,SB6001,1,Introduced,2024-05-11,"Budget Bill.","Budget Bill. Provides for all appropriations of the Budget submitted by the Governor of Virginia in accordance with the provisions of ยง 2.2-1509 of the Code of Virginia, and provides a portion of revenues for the two years ending respectively on the thirtieth day of June 2025 and the thirtieth day of June 2026.",147,"House Appropriations",2024-05-13,"Referred to Committee on Appropriations",https://legiscan.com/VA/bill/SB6001/2024/X1,https://lis.virginia.gov/cgi-bin/legp604.exe?242+sum+SB6001
1877728,2139,SB6002,1,Introduced,2024-05-11,"Budget Bill.","Budget Bill. Amends Chapter 2 of the Acts of Assembly of 2022, Special Session I, as amended by Chapter 769 of the Acts of Assembly of 2023, as further amended by Chapter 1 of the Acts of Assembly of 2023, Special Session I.",147,"House Appropriations",2024-05-13,"Referred to Committee on Appropriations",https://legiscan.com/VA/bill/SB6002/2024/X1,https://lis.virginia.gov/cgi-bin/legp604.exe?242+sum+SB6002
1882803,2139,SB6003,1,Introduced,2024-06-14,"Va. Military Survivors and Dependents Education Program, etc.; repeal of modifications, report.","General appropriation act; repeal of modifications to the Virginia Military Survivors and Dependents Education Program and related financial aid waivers; stakeholder work group. Removes language in the appropriation act imposing additional requirements on financial aid waivers and stipends for the Virginia Military Survivors and Dependents Education Program and related financial aid waivers. The bill also directs the Secretary of Finance, in collaboration with the Secretary of Veterans and Defense Affairs and the Secretary of Education, to convene a stakeholder work group for the purpose of evaluating the history, current structure, and utilization trends of the Virginia Military Survivors and Dependents Education Program and related financial aid waivers and making recommendations on legislative actions and budgetary modifications that could improve the long-term viability of the Program. The bill requires the Secretary of Finance to submit the work group's recommendations to the Governor and the Chairs of the Senate Committee on Finance and Appropriations and the House Committee on Appropriations by November 1, 2025.",164,"Senate Finance and Appropriations",2024-06-14,"Referred to Committee on Finance and Appropriations",https://legiscan.com/VA/bill/SB6003/2024/X1,https://lis.virginia.gov/cgi-bin/legp604.exe?242+sum+SB6003
1882837,2139,SB6004,1,Introduced,2024-06-15,"Virginia Gaming Commerce Regulation Act; established, penalties, report.","Virginia Gaming Commerce Regulation Act established; penalties. Establishes the Virginia Gaming Commerce Regulation Act for the purpose of providing a regulatory and registration scheme for electronic gaming devices in the Commonwealth. The bill authorizes and specifies the registration requirements for the distribution, operation, hosting, and play of electronic gaming devices, as defined in the bill. The bill imposes a $1,200 monthly tax on each electronic gaming device from each distributor, as defined in the bill, and provides for the use of such tax proceeds after deposit in the Virginia Gaming Commerce Regulation Fund, established in the bill, with most being distributed to the School Construction and Modernization Fund and the Elementary and Secondary Education Fund, which is established in the bill. The bill directs the Virginia Lottery Board to promulgate regulations no later than June 30, 2025, to implement the provisions of the bill and authorizes the Virginia Alcoholic Beverage Control Authority to grant a provisional registration, until the Virginia Lottery Board regulations are promulgated, to any entity that meets the respective criteria.",161,"Senate Commerce and Labor",2024-06-15,"Referred to Committee on Commerce and Labor",https://legiscan.com/VA/bill/SB6004/2024/X1,https://lis.virginia.gov/cgi-bin/legp604.exe?242+sum+SB6004
1882813,2139,SB6005,1,Introduced,2024-06-16,"General appropriation act; amends items related to state office rent rate, Medicaid contracts, etc.","General appropriation act. Amends items of and adds items to Chapter 2 of the Acts of Assembly of 2024, Special Session I.",164,"Senate Finance and Appropriations",2024-06-16,"Referred to Committee on Finance and Appropriations",https://legiscan.com/VA/bill/SB6005/2024/X1,https://lis.virginia.gov/cgi-bin/legp604.exe?242+sum+SB6005
1882863,2139,SB6006,1,Introduced,2024-06-16,"Va. Military Survivors and Dependents Education Program, etc.; repeal of modifications, report.","General appropriation act; repeal of modifications to the Virginia Military Survivors and Dependents Education Program and related financial aid waivers; stakeholder work group. Removes language in the appropriation act imposing additional requirements on financial aid waivers and stipends for the Virginia Military Survivors and Dependents Education Program and related financial aid waivers. The bill also directs the Secretary of Finance, in collaboration with the Secretary of Veterans and Defense Affairs and the Secretary of Education, to convene a stakeholder work group for the purpose of evaluating the history, current structure, and utilization trends of the Virginia Military Survivors and Dependents Education Program and related financial aid waivers and making recommendations on legislative actions and budgetary modifications that could improve the long-term viability of the Program. The bill requires the Secretary of Finance to submit the work group's recommendations to the Governor and the Chairs of the Senate Committee on Finance and Appropriations and the House Committee on Appropriations by November 1, 2024.",164,"Senate Finance and Appropriations",2024-06-16,"Referred to Committee on Finance and Appropriations",https://legiscan.com/VA/bill/SB6006/2024/X1,https://lis.virginia.gov/cgi-bin/legp604.exe?242+sum+SB6006
1882810,2139,SB6007,1,Introduced,2024-06-16,"Virginia Gaming Commerce Regulation Act; established, penalties, report.","Virginia Gaming Commerce Regulation Act established; penalties. Establishes the Virginia Gaming Commerce Regulation Act for the purpose of providing a regulatory and registration scheme for electronic gaming devices in the Commonwealth. The bill authorizes and specifies the registration requirements for the distribution, operation, hosting, and play of electronic gaming devices, as defined in the bill. The bill imposes a $1,200 monthly tax on each electronic gaming device from each distributor, as defined in the bill, and provides for the use of such tax proceeds after deposit in the Virginia Gaming Commerce Regulation Fund, established in the bill, with most being distributed to the Elementary and Secondary Education Fund, which is established in the bill. The bill directs the Virginia Lottery Board to promulgate regulations no later than June 30, 2025, to implement the provisions of the bill and authorizes the Virginia Alcoholic Beverage Control Authority to grant a provisional registration, until the Virginia Lottery Board regulations are promulgated, to any entity that meets the respective criteria.",161,"Senate Commerce and Labor",2024-06-16,"Referred to Committee on Commerce and Labor",https://legiscan.com/VA/bill/SB6007/2024/X1,https://lis.virginia.gov/cgi-bin/legp604.exe?242+sum+SB6007
1882847,2139,SB6008,1,Introduced,2024-06-16,"Gaming commerce and development in the Commonwealth; regulation, report, penalties.","General appropriation act; regulation of gaming commerce and development in the Commonwealth; penalties. Authorizes and specifies the registration and licensing requirements for the manufacture, distribution, operation, hosting, and playing of electronic skill gaming devices, as defined in the bill, under the regulatory authority of the Virginia Lottery. The bill imposes a 25 percent tax on all gross profits generated from the play of such electronic skill gaming devices and provides for the use of such tax proceeds after deposit in the Virginia Gaming Commerce and Development Fund, established in the bill, with most being deposited into the PreK-12 Priority Fund, established in the bill. The bill also imposes criminal and civil penalties for violations of the law and regulations related to electronic skill gaming devices. The bill also transfers funding from the PreK-12 Priority Fund to the general fund related to gaming commerce and development.",164,"Senate Finance and Appropriations",2024-06-16,"Referred to Committee on Finance and Appropriations",https://legiscan.com/VA/bill/SB6008/2024/X1,https://lis.virginia.gov/cgi-bin/legp604.exe?242+sum+SB6008
1883644,2139,SB6009,1,Introduced,2024-06-27,"General appropriation act; designation of add'tl surplus, modifications to certain programs, report.","General appropriation act; designation of additional surplus; delayed effective date for modifications to certain waiver programs; JLARC review. Designates certain additional surplus revenues in the amount of $45 million to offset the impact of financial aid waivers and stipends for the Virginia Military Survivors and Dependents Education Program and related programs. The bill delays until July 1, 2025, the effective date of language in the appropriation act imposing additional requirements on financial aid waivers and stipends for such programs. The bill also directs the Joint Legislative Audit and Review Commission (JLARC) to conduct a review of the Virginia Military Survivors and Dependents Education Program to assess its long-term sustainability and report its findings and recommendations to the Senate Committee on Finance and Appropriations and the House Committee on Appropriations by September 1, 2024.",164,"Senate Finance and Appropriations",2024-06-27,"Referred to Committee on Finance and Appropriations",https://legiscan.com/VA/bill/SB6009/2024/X1,https://lis.virginia.gov/cgi-bin/legp604.exe?242+sum+SB6009
1883834,2139,SB6010,1,Introduced,2024-06-28,"Va. Military Survivors and Dependents Education Program & related programs; repeal of modifications.","General appropriation act; repeal of modifications to waiver programs. Removes language in the appropriation act imposing additional requirements on financial aid waivers and stipends for the Virginia Military Survivors and Dependents Education Program and related programs.",164,"Senate Finance and Appropriations",2024-06-28,"Referred to Committee on Finance and Appropriations",https://legiscan.com/VA/bill/SB6010/2024/X1,https://lis.virginia.gov/cgi-bin/legp604.exe?242+sum+SB6010
1883905,2139,SB6011,1,Introduced,2024-07-01,"Gen. appropriation act; designation of add'tl. surplus, repeal of modification to certain programs.","General appropriation act; designation of additional surplus; repeal of modifications to certain waiver programs and delayed effective date for academic progress requirement; JLARC review. Designates certain additional surplus revenues in the amount of $45 million to offset the impact of financial aid waivers and stipends for the Virginia Military Survivors and Dependents Education Program and related programs and removes language in the appropriation act imposing additional requirements on financial aid waivers and stipends for such programs. The bill also includes an academic progress requirement for program eligibility, beginning July 1, 2025, unless a superseding law is passed during the 2025 Regular Session of the General Assembly. The bill also directs the Joint Legislative Audit and Review Commission (JLARC) to conduct a review of the Virginia Military Survivors and Dependents Education Program to assess its long-term sustainability and report its findings and recommendations to the Senate Committee on Finance and Appropriations and the House Committee on Appropriations by September 1, 2024.",0,,2024-07-01,"Suspend 48 Hours (20-Y 17-N) (2/3 voting required)",https://legiscan.com/VA/bill/SB6011/2024/X1,https://lis.virginia.gov/cgi-bin/legp604.exe?242+sum+SB6011
1883985,2139,SB6012,4,Passed,2024-07-18,"Va. Military Survivors & Dependents Ed. Program & related programs; modifications, surplus revenues.","General appropriation act; designation of additional surplus; repeal of modifications to certain waiver programs. Designates certain additional surplus revenues in the amount of $90 million to offset the impact of financial aid waivers and stipends for the Virginia Military Survivors and Dependents Education Program and related programs and removes language in the appropriation act that imposes additional requirements for such programs.",0,,2024-07-18,"Governor: Acts of Assembly Chapter text (CHAP0003)",https://legiscan.com/VA/bill/SB6012/2024/X1,https://lis.virginia.gov/cgi-bin/legp604.exe?242+sum+SB6012
1877973,2139,SR601,4,Passed,2024-05-13,"Senate; 2024 Special Session I operating resolution.","2024 Special Session I operating resolution. 2024 Special Session I operating resolution.",0,,2024-05-13,"Bill text as passed Senate (SR601ER)",https://legiscan.com/VA/bill/SR601/2024/X1,https://legacylis.virginia.gov/cgi-bin/legp604.exe?242+sum+SR601
1877897,2139,SR602,4,Passed,2024-05-13,"Commending the English Empowerment Center.","Commending the English Empowerment Center.",0,,2024-05-13,"Bill text as passed Senate (SR602ER)",https://legiscan.com/VA/bill/SR602/2024/X1,https://legacylis.virginia.gov/cgi-bin/legp604.exe?242+sum+SR602
1877998,2139,SR603,4,Passed,2024-05-13,"Commending the Norfolk Alumnae Chapter of Delta Sigma Theta Sorority, Inc.","Commending the Norfolk Alumnae Chapter of Delta Sigma Theta Sorority, Inc.",0,,2024-05-13,"Bill text as passed Senate (SR603ER)",https://legiscan.com/VA/bill/SR603/2024/X1,https://lis.virginia.gov/cgi-bin/legp604.exe?242+sum+SR603
1877850,2139,SR604,4,Passed,2024-05-13,"Commending the Reverend Dr. Melvin Marriner.","Commending the Reverend Dr. Melvin Marriner.",0,,2024-05-13,"Bill text as passed Senate (SR604ER)",https://legiscan.com/VA/bill/SR604/2024/X1,https://lis.virginia.gov/cgi-bin/legp604.exe?242+sum+SR604
1878014,2139,SR605,4,Passed,2024-05-13,"Judges; nominations for election to circuit court.","Nominating persons to be elected to circuit court judgeships.",0,,2024-05-13,"Bill text as passed Senate (SR605ER)",https://legiscan.com/VA/bill/SR605/2024/X1,https://lis.virginia.gov/cgi-bin/legp604.exe?242+sum+SR605
1878079,2139,SR606,4,Passed,2024-05-13,"Judges; nominations for election to general district court.","Nominating persons to be elected to general district court judgeships.",0,,2024-05-13,"Bill text as passed Senate (SR606ER)",https://legiscan.com/VA/bill/SR606/2024/X1,https://lis.virginia.gov/cgi-bin/legp604.exe?242+sum+SR606
1878026,2139,SR607,4,Passed,2024-05-13,"Judge; nomination for election to juvenile and domestic relations district court.","Nominating a person to be elected to a juvenile and domestic relations district court judgeship.",0,,2024-05-13,"Bill text as passed Senate (SR607ER)",https://legiscan.com/VA/bill/SR607/2024/X1,https://lis.virginia.gov/cgi-bin/legp604.exe?242+sum+SR607
1877949,2139,SR608,4,Passed,2024-05-13,"Commending Arthur Ellsworth Dick Howard.","Commending Arthur Ellsworth Dick Howard.",0,,2024-05-13,"Bill text as passed Senate (SR608ER)",https://legiscan.com/VA/bill/SR608/2024/X1,https://lis.virginia.gov/cgi-bin/legp604.exe?242+sum+SR608
1877913,2139,SR609,4,Passed,2024-05-13,"Celebrating the life of Daniel Porter Jordan, Jr.","Celebrating the life of Daniel Porter Jordan, Jr.",0,,2024-05-13,"Bill text as passed Senate (SR609ER)",https://legiscan.com/VA/bill/SR609/2024/X1,https://lis.virginia.gov/cgi-bin/legp604.exe?242+sum+SR609
1877888,2139,SR610,4,Passed,2024-05-13,"Celebrating the life of Lorraine Payne Williams.","Celebrating the life of Lorraine Payne Williams.",0,,2024-05-13,"Bill text as passed Senate (SR610ER)",https://legiscan.com/VA/bill/SR610/2024/X1,https://lis.virginia.gov/cgi-bin/legp604.exe?242+sum+SR610
1877917,2139,SR611,4,Passed,2024-05-13,"Celebrating the life of Golden Bethune-Hill.","Celebrating the life of Dr. Golden Bethune-Hill.",0,,2024-05-13,"Bill text as passed Senate (SR611ER)",https://legiscan.com/VA/bill/SR611/2024/X1,https://lis.virginia.gov/cgi-bin/legp604.exe?242+sum+SR611
1878112,2139,SR612,4,Passed,2024-05-13,"Commending the Rockingham County Baseball League.","Commending the Rockingham County Baseball League.",0,,2024-05-13,"Bill text as passed Senate (SR612ER)",https://legiscan.com/VA/bill/SR612/2024/X1,https://lis.virginia.gov/cgi-bin/legp604.exe?242+sum+SR612
1877954,2139,SR613,4,Passed,2024-05-13,"Celebrating the life of Bradford Windley Phillips.","Celebrating the life of Bradford Windley Phillips.",0,,2024-05-13,"Bill text as passed Senate (SR613ER)",https://legiscan.com/VA/bill/SR613/2024/X1,https://lis.virginia.gov/cgi-bin/legp604.exe?242+sum+SR613
1877902,2139,SR614,4,Passed,2024-05-13,"Commending David Olive.","Commending David Olive.",0,,2024-05-13,"Bill text as passed Senate (SR614ER)",https://legiscan.com/VA/bill/SR614/2024/X1,https://lis.virginia.gov/cgi-bin/legp604.exe?242+sum+SR614
1882807,2139,SR615,4,Passed,2024-06-18,"Commending the Osbourn Park High School softball team.","Commending the Osbourn Park High School softball team.",0,,2024-06-18,"Bill text as passed Senate (SR615ER)",https://legiscan.com/VA/bill/SR615/2024/X1,https://lis.virginia.gov/cgi-bin/legp604.exe?242+sum+SR615
1882800,2139,SR616,4,Passed,2024-06-18,"Commending the Brentsville District High School girls' soccer team.","Commending the Brentsville District High School girls' soccer team.",0,,2024-06-18,"Bill text as passed Senate (SR616ER)",https://legiscan.com/VA/bill/SR616/2024/X1,https://lis.virginia.gov/cgi-bin/legp604.exe?242+sum+SR616
1882871,2139,SR617,4,Passed,2024-06-18,"Commending Dennis M. Ellmer.","Commending Dennis M. Ellmer.",0,,2024-06-18,"Bill text as passed Senate (SR617ER)",https://legiscan.com/VA/bill/SR617/2024/X1,https://lis.virginia.gov/cgi-bin/legp604.exe?242+sum+SR617
1882834,2139,SR618,4,Passed,2024-06-18,"Celebrating the life of Melvin Eugene Walker.","Celebrating the life of Melvin Eugene Walker.",0,,2024-06-18,"Bill text as passed Senate (SR618ER)",https://legiscan.com/VA/bill/SR618/2024/X1,https://lis.virginia.gov/cgi-bin/legp604.exe?242+sum+SR618
1882866,2139,SR619,4,Passed,2024-06-18,"Commending Chief Warrant Officer Five (CW5) Marvin R. McKenney, Jr., VNG, Ret.","Commending Chief Warrant Officer Five (CW5) Marvin R. McKenney, Jr., VNG, Ret.",0,,2024-06-18,"Bill text as passed Senate (SR619ER)",https://legiscan.com/VA/bill/SR619/2024/X1,https://lis.virginia.gov/cgi-bin/legp604.exe?242+sum+SR619
1882859,2139,SR620,4,Passed,2024-06-18,"Celebrating the life of Francis Xavier O'Leary.","Celebrating the life of Francis Xavier O'Leary.",0,,2024-06-18,"Bill text as passed Senate (SR620ER)",https://legiscan.com/VA/bill/SR620/2024/X1,https://lis.virginia.gov/cgi-bin/legp604.exe?242+sum+SR620
1882825,2139,SR621,4,Passed,2024-06-18,"Celebrating the life of Stewart Hamilton Gamage.","Celebrating the life of Stewart Hamilton Gamage.",0,,2024-06-18,"Bill text as passed Senate (SR621ER)",https://legiscan.com/VA/bill/SR621/2024/X1,https://lis.virginia.gov/cgi-bin/legp604.exe?242+sum+SR621
1882832,2139,SR622,4,Passed,2024-06-18,"Commending Mark Palmer.","Commending Mark Palmer.",0,,2024-06-18,"Bill text as passed Senate (SR622ER)",https://legiscan.com/VA/bill/SR622/2024/X1,https://lis.virginia.gov/cgi-bin/legp604.exe?242+sum+SR622
1882844,2139,SR623,4,Passed,2024-06-18,"Commending Jarad Phelps.","Commending Jarad Phelps.",0,,2024-06-18,"Bill text as passed Senate (SR623ER)",https://legiscan.com/VA/bill/SR623/2024/X1,https://lis.virginia.gov/cgi-bin/legp604.exe?242+sum+SR623
1882851,2139,SR624,4,Passed,2024-06-18,"Celebrating the life of John Jacobus Alewynse.","Celebrating the life of John Jacobus Alewynse.",0,,2024-06-18,"Bill text as passed Senate (SR624ER)",https://legiscan.com/VA/bill/SR624/2024/X1,https://lis.virginia.gov/cgi-bin/legp604.exe?242+sum+SR624
1882948,2139,SR625,4,Passed,2024-07-01,"Celebrating the life of Bob Labonte.","Celebrating the life of Bob Labonte.",0,,2024-07-01,"Bill text as passed Senate (SR625ER)",https://legiscan.com/VA/bill/SR625/2024/X1,https://lis.virginia.gov/cgi-bin/legp604.exe?242+sum+SR625
1883710,2139,SR626,4,Passed,2024-07-01,"Commending the Honorable Robert F. McDonnell.","Commending the Honorable Robert F. McDonnell.",0,,2024-07-01,"Bill text as passed Senate (SR626ER)",https://legiscan.com/VA/bill/SR626/2024/X1,https://lis.virginia.gov/cgi-bin/legp604.exe?242+sum+SR626
1883891,2139,SR627,4,Passed,2024-07-01,"Celebrating the life of Colonel Frank Salimbene, USA, Ret.","Celebrating the life of Colonel Frank Salimbene, USA, Ret.",0,,2024-07-01,"Bill text as passed Senate (SR627ER)",https://legiscan.com/VA/bill/SR627/2024/X1,https://lis.virginia.gov/cgi-bin/legp604.exe?242+sum+SR627
1883893,2139,SR628,4,Passed,2024-07-01,"Commending the York High School baseball team.","Commending the York High School baseball team.",0,,2024-07-01,"Bill text as passed Senate (SR628ER)",https://legiscan.com/VA/bill/SR628/2024/X1,https://lis.virginia.gov/cgi-bin/legp604.exe?242+sum+SR628
1883894,2139,SR629,4,Passed,2024-07-01,"Celebrating the life of Colin Goetze Campbell.","Celebrating the life of Colin Goetze Campbell.",0,,2024-07-01,"Bill text as passed Senate (SR629ER)",https://legiscan.com/VA/bill/SR629/2024/X1,https://lis.virginia.gov/cgi-bin/legp604.exe?242+sum+SR629
1883896,2139,SR630,4,Passed,2024-07-01,"Celebrating the life of Randolph Nicklas Reynolds, Sr.","Celebrating the life of Randolph Nicklas Reynolds, Sr.",0,,2024-07-01,"Bill text as passed Senate (SR630ER)",https://legiscan.com/VA/bill/SR630/2024/X1,https://lis.virginia.gov/cgi-bin/legp604.exe?242+sum+SR630
