bill_id,date,chamber,sequence,action
1877727,2024-05-10,House,1,"Prefiled and laid on Speaker's table; offered 05/13/24 24200049D"
1877727,2024-05-13,House,2,"Engrossed by House"
1877727,2024-05-13,House,3,"Agreed to by House"
1877727,2024-05-13,House,4,"Bill text as passed House (HR605ER)"
1877728,2024-05-11,Senate,1,"Prefiled and ordered printed; offered 05/13/24 24200102D"
1877728,2024-05-11,Senate,2,"Referred to Committee on Finance and Appropriations"
1877728,2024-05-13,Senate,3,"Reported from Finance and Appropriations (14-Y 0-N)"
1877728,2024-05-13,House,4,"Placed on Calendar"
1877728,2024-05-13,Senate,5,"Read first time"
1877728,2024-05-13,House,6,"Read first time"
1877728,2024-05-13,Senate,7,"Rules suspended (40-Y 0-N)"
1877728,2024-05-13,Senate,8,"Second Constitutional reading dispensed"
1877728,2024-05-13,Senate,9,"Rules suspended (40-Y 0-N)"
1877728,2024-05-13,Senate,10,"Third Constitutional reading dispensed"
1877728,2024-05-13,Senate,11,"Passed Senate (39-Y 1-N)"
1877728,2024-05-13,House,12,"Placed on Calendar"
1877728,2024-05-13,House,13,"Read first time"
1877728,2024-05-13,House,14,"Referred to Committee on Appropriations"
1877730,2024-05-09,House,1,"Prefiled and laid on Speaker's table; offered 05/13/24 24200028D"
1877730,2024-05-13,House,2,"Engrossed by House"
1877730,2024-05-13,House,3,"Agreed to by House by voice vote"
1877730,2024-05-13,House,4,"Bill text as passed House (HR603ER)"
1877731,2024-05-11,Senate,1,"Prefiled and ordered printed; offered 05/13/24 24200101D"
1877731,2024-05-11,Senate,2,"Referred to Committee on Finance and Appropriations"
1877731,2024-05-13,Senate,3,"Reported from Finance and Appropriations (14-Y 0-N)"
1877731,2024-05-13,Senate,4,"Read first time"
1877731,2024-05-13,House,5,"Placed on Calendar"
1877731,2024-05-13,Senate,6,"Rules suspended (40-Y 0-N)"
1877731,2024-05-13,Senate,7,"Second Constitutional reading dispensed"
1877731,2024-05-13,House,8,"Read first time"
1877731,2024-05-13,Senate,9,"Rules suspended (40-Y 0-N)"
1877731,2024-05-13,Senate,10,"Third Constitutional reading dispensed"
1877731,2024-05-13,Senate,11,"Passed Senate (39-Y 1-N)"
1877731,2024-05-13,House,12,"Placed on Calendar"
1877731,2024-05-13,House,13,"Read first time"
1877731,2024-05-13,House,14,"Referred to Committee on Appropriations"
1877732,2024-05-09,House,1,"Prefiled and laid on Speaker's table; offered 05/13/24 24200042D"
1877732,2024-05-13,House,2,"Engrossed by House"
1877732,2024-05-13,House,3,"Agreed to by House by voice vote"
1877732,2024-05-13,House,4,"Bill text as passed House (HR601ER)"
1877734,2024-05-11,House,1,"Prefiled and ordered printed; offered 05/13/24 24200099D"
1877734,2024-05-11,House,2,"Referred to Committee on Appropriations"
1877734,2024-05-13,House,3,"Reported from Appropriations (22-Y 0-N)"
1877734,2024-05-13,Senate,4,"Constitutional reading dispensed"
1877734,2024-05-13,House,5,"Read first time"
1877734,2024-05-13,House,6,"Constitutional readings dispensed (99-Y 0-N)"
1877734,2024-05-13,House,7,"VOTE: Adoption (99-Y 0-N)"
1877734,2024-05-13,House,8,"Passed by temporarily"
1877734,2024-05-13,House,9,"Passed House (94-Y 6-N)"
1877734,2024-05-13,House,10,"VOTE: Passage (94-Y 6-N)"
1877734,2024-05-13,Senate,11,"Constitutional reading dispensed"
1877734,2024-05-13,Senate,12,"Referred to Committee on Finance and Appropriations"
1877734,2024-05-13,Senate,13,"Reported from Finance and Appropriations (15-Y 0-N)"
1877734,2024-05-13,Senate,14,"Read second time"
1877734,2024-05-13,Senate,15,"Constitutional reading dispensed (40-Y 0-N)"
1877734,2024-05-13,Senate,16,"Passed Senate (39-Y 1-N)"
1877734,2024-05-13,House,17,Enrolled
1877734,2024-05-13,House,18,"Bill text as passed House and Senate (HB6001ER)"
1877734,2024-05-13,House,19,"Signed by Speaker"
1877734,2024-05-13,Senate,20,"Signed by President"
1877734,2024-05-13,,21,"Governor: Approved by Governor-Chapter 2 (effective 7/1/24)"
1877734,2024-05-13,,22,"Governor: Acts of Assembly Chapter text (CHAP0002)"
1877735,2024-05-11,House,1,"Prefiled and ordered printed; offered 05/13/24 24200100D"
1877735,2024-05-11,House,2,"Referred to Committee on Appropriations"
1877735,2024-05-13,House,3,"Reported from Appropriations (22-Y 0-N)"
1877735,2024-05-13,House,4,"Read first time"
1877735,2024-05-13,House,5,"Constitutional readings dispensed (99-Y 0-N)"
1877735,2024-05-13,House,6,"VOTE: Adoption (99-Y 0-N)"
1877735,2024-05-13,House,7,"Passed House (94-Y 6-N)"
1877735,2024-05-13,House,8,"VOTE: Passage (94-Y 6-N)"
1877735,2024-05-13,Senate,9,"Constitutional reading dispensed"
1877735,2024-05-13,Senate,10,"Referred to Committee on Finance and Appropriations"
1877735,2024-05-13,Senate,11,"Reported from Finance and Appropriations (15-Y 0-N)"
1877735,2024-05-13,Senate,12,"Read second time"
1877735,2024-05-13,Senate,13,"Constitutional reading dispensed (40-Y 0-N)"
1877735,2024-05-13,Senate,14,"Passed Senate (39-Y 1-N)"
1877735,2024-05-13,House,15,Enrolled
1877735,2024-05-13,House,16,"Bill text as passed House and Senate (HB6002ER)"
1877735,2024-05-13,House,17,"Signed by Speaker"
1877735,2024-05-13,Senate,18,"Signed by President"
1877735,2024-05-13,,19,"Governor: Approved by Governor-Chapter 1 (effective 5/13/24)"
1877735,2024-05-13,,20,"Governor: Acts of Assembly Chapter text (CHAP0001)"
1877736,2024-05-10,House,1,"Prefiled and laid on Speaker's table; offered 05/13/24 24200074D"
1877736,2024-05-13,House,2,"Engrossed by House"
1877736,2024-05-13,House,3,"Agreed to by House by voice vote"
1877736,2024-05-13,House,4,"Bill text as passed House (HR604ER)"
1877737,2024-05-09,House,1,"Prefiled and laid on Speaker's table; offered 05/13/24 24200029D"
1877737,2024-05-13,House,2,"Engrossed by House"
1877737,2024-05-13,House,3,"Agreed to by House by voice vote"
1877737,2024-05-13,House,4,"Bill text as passed House (HR602ER)"
1877741,2024-05-13,House,1,"Prefiled and laid on Speaker's table; offered 05/13/24 24200067D"
1877741,2024-05-13,House,2,"Engrossed by House"
1877741,2024-05-13,House,3,"Agreed to by House by voice vote"
1877741,2024-05-13,House,4,"Bill text as passed House (HR644ER)"
1877742,2024-05-12,House,1,"Prefiled and laid on Speaker's table; offered 05/13/24 24200086D"
1877742,2024-05-13,House,2,"Engrossed by House"
1877742,2024-05-13,House,3,"Agreed to by House by voice vote"
1877742,2024-05-13,House,4,"Bill text as passed House (HR625ER)"
1877743,2024-05-13,House,1,"Prefiled and laid on Speaker's table; offered 05/13/24 24200038D"
1877743,2024-05-13,House,2,"Engrossed by House"
1877743,2024-05-13,House,3,"Agreed to by House by voice vote"
1877743,2024-05-13,House,4,"Bill text as passed House (HR651ER)"
1877744,2024-05-12,House,1,"Prefiled and laid on Speaker's table; offered 05/13/24 24200055D"
1877744,2024-05-13,House,2,"Engrossed by House"
1877744,2024-05-13,House,3,"Agreed to by House by voice vote"
1877744,2024-05-13,House,4,"Bill text as passed House (HR626ER)"
1877745,2024-05-13,House,1,"Prefiled and laid on Speaker's table; offered 05/13/24 24200079D"
1877745,2024-05-13,House,2,"Engrossed by House"
1877745,2024-05-13,House,3,"Agreed to by House by voice vote"
1877745,2024-05-13,House,4,"Bill text as passed House (HR632ER)"
1877746,2024-05-12,House,1,"Prefiled and laid on Speaker's table; offered 05/13/24 24200026D"
1877746,2024-05-13,House,2,"Engrossed by House"
1877746,2024-05-13,House,3,"Agreed to by House by voice vote"
1877746,2024-05-13,House,4,"Bill text as passed House (HR622ER)"
1877748,2024-05-12,House,1,"Prefiled and laid on Speaker's table; offered 05/13/24 24200089D"
1877748,2024-05-13,House,2,"Engrossed by House"
1877748,2024-05-13,House,3,"Agreed to by House by voice vote"
1877748,2024-05-13,House,4,"Bill text as passed House (HR627ER)"
1877750,2024-05-10,House,1,"Prefiled and laid on Speaker's table; offered 05/13/24 24200056D"
1877750,2024-05-13,House,2,"Engrossed by House"
1877750,2024-05-13,House,3,"Agreed to by House by voice vote"
1877750,2024-05-13,House,4,"Bill text as passed House (HR609ER)"
1877751,2024-05-13,House,1,"Prefiled and laid on Speaker's table; offered 05/13/24 24200044D"
1877751,2024-05-13,House,2,"Engrossed by House"
1877751,2024-05-13,House,3,"Agreed to by House by voice vote"
1877751,2024-05-13,House,4,"Bill text as passed House (HR634ER)"
1877752,2024-05-13,House,1,"Prefiled and laid on Speaker's table; offered 05/13/24 24200008D"
1877752,2024-05-13,House,2,"Engrossed by House"
1877752,2024-05-13,House,3,"Agreed to by House by voice vote"
1877752,2024-05-13,House,4,"Bill text as passed House (HR670ER)"
1877754,2024-05-12,House,1,"Prefiled and laid on Speaker's table; offered 05/13/24 24200060D"
1877754,2024-05-13,House,2,"Engrossed by House"
1877754,2024-05-13,House,3,"Agreed to by House by voice vote"
1877754,2024-05-13,House,4,"Bill text as passed House (HR620ER)"
1877755,2024-05-13,House,1,"Prefiled and ordered printed; offered 05/13/24 24200123D"
1877755,2024-05-13,House,2,"Taken up for immediate consideration"
1877755,2024-05-13,House,3,"Engrossed by House"
1877755,2024-05-13,House,4,"Agreed to by House (98-Y 0-N 1-A)"
1877755,2024-05-13,House,5,"VOTE: Adoption (98-Y 0-N 1-A)"
1877755,2024-05-13,House,6,"Bill text as passed House (HR666ER)"
1877756,2024-05-13,House,1,"Prefiled and laid on Speaker's table; offered 05/13/24 24200046D"
1877756,2024-05-13,House,2,"Engrossed by House"
1877756,2024-05-13,House,3,"Agreed to by House by voice vote"
1877757,2024-05-13,House,1,"Prefiled and laid on Speaker's table; offered 05/13/24 24200122D"
1877757,2024-05-13,House,2,"Engrossed by House"
1877757,2024-05-13,House,3,"Agreed to by House by voice vote"
1877757,2024-05-13,House,4,"Bill text as passed House (HR668ER)"
1877758,2024-05-13,House,1,"Prefiled and laid on Speaker's table; offered 05/13/24 24200125D"
1877758,2024-05-13,House,2,"Engrossed by House"
1877758,2024-05-13,House,3,"Agreed to by House by voice vote"
1877763,2024-05-13,House,1,"Prefiled and laid on Speaker's table; offered 05/13/24 24200096D"
1877763,2024-05-13,House,2,"Engrossed by House"
1877763,2024-05-13,House,3,"Agreed to by House"
1877764,2024-05-13,House,1,"Prefiled and laid on Speaker's table; offered 05/13/24 24200050D"
1877764,2024-05-13,House,2,"Engrossed by House"
1877764,2024-05-13,House,3,"Agreed to by House by voice vote"
1877765,2024-05-10,House,1,"Prefiled and laid on Speaker's table; offered 05/13/24 24200072D"
1877765,2024-05-13,House,2,"Engrossed by House"
1877765,2024-05-13,House,3,"Agreed to by House by voice vote"
1877765,2024-05-13,House,4,"Bill text as passed House (HR610ER)"
1877767,2024-05-13,House,1,"Prefiled and laid on Speaker's table; offered 05/13/24 24200019D"
1877767,2024-05-13,House,2,"Engrossed by House"
1877767,2024-05-13,House,3,"Agreed to by House by voice vote"
1877767,2024-05-13,House,4,"Bill text as passed House (HR660ER)"
1877768,2024-05-13,House,1,"Prefiled and laid on Speaker's table; offered 05/13/24 24200022D"
1877768,2024-05-13,House,2,"Engrossed by House"
1877768,2024-05-13,House,3,"Agreed to by House by voice vote"
1877768,2024-05-13,House,4,"Bill text as passed House (HR657ER)"
1877772,2024-05-13,House,1,"Prefiled and laid on Speaker's table; offered 05/13/24 24200069D"
1877772,2024-05-13,House,2,"Engrossed by House"
1877772,2024-05-13,House,3,"Agreed to by House by voice vote"
1877772,2024-05-13,House,4,"Bill text as passed House (HR653ER)"
1877773,2024-05-13,House,1,"Prefiled and laid on Speaker's table; offered 05/13/24 24200093D"
1877773,2024-05-13,House,2,"Engrossed by House"
1877773,2024-05-13,House,3,"Agreed to by House by voice vote"
1877773,2024-05-13,House,4,"Bill text as passed House (HR638ER)"
1877775,2024-05-10,House,1,"Prefiled and laid on Speaker's table; offered 05/13/24 24200053D"
1877775,2024-05-13,House,2,"Engrossed by House"
1877775,2024-05-13,House,3,"Agreed to by House"
1877775,2024-05-13,House,4,"Bill text as passed House (HR611ER)"
1877776,2024-05-13,House,1,"Prefiled and laid on Speaker's table; offered 05/13/24 24200027D"
1877776,2024-05-13,House,2,"Engrossed by House"
1877776,2024-05-13,House,3,"Agreed to by House by voice vote"
1877776,2024-05-13,House,4,"Bill text as passed House (HR665ER)"
1877777,2024-05-12,House,1,"Prefiled and laid on Speaker's table; offered 05/13/24 24200091D"
1877777,2024-05-13,House,2,"Engrossed by House"
1877777,2024-05-13,House,3,"Agreed to by House"
1877777,2024-05-13,House,4,"Bill text as passed House (HR624ER)"
1877782,2024-05-10,House,1,"Prefiled and laid on Speaker's table; offered 05/13/24 24200068D"
1877782,2024-05-13,House,2,"Engrossed by House"
1877782,2024-05-13,House,3,"Agreed to by House by voice vote"
1877782,2024-05-13,House,4,"Bill text as passed House (HR606ER)"
1877783,2024-05-13,House,1,"Prefiled and laid on Speaker's table; offered 05/13/24 24200039D"
1877783,2024-05-13,House,2,"Engrossed by House"
1877783,2024-05-13,House,3,"Agreed to by House by voice vote"
1877783,2024-05-13,House,4,"Bill text as passed House (HR647ER)"
1877785,2024-05-12,House,1,"Prefiled and laid on Speaker's table; offered 05/13/24 24200078D"
1877785,2024-05-13,House,2,"Engrossed by House"
1877785,2024-05-13,House,3,"Agreed to by House by voice vote"
1877785,2024-05-13,House,4,"Bill text as passed House (HR614ER)"
1877786,2024-05-13,House,1,"Prefiled and laid on Speaker's table; offered 05/13/24 24200001D"
1877786,2024-05-13,House,2,"Engrossed by House"
1877786,2024-05-13,House,3,"Agreed to by House by voice vote"
1877786,2024-05-13,House,4,"Bill text as passed House (HR629ER)"
1877787,2024-05-11,House,1,"Prefiled and laid on Speaker's table; offered 05/13/24 24200071D"
1877787,2024-05-13,House,2,"Engrossed by House"
1877787,2024-05-13,House,3,"Agreed to by House by voice vote"
1877787,2024-05-13,House,4,"Bill text as passed House (HR613ER)"
1877790,2024-05-13,House,1,"Prefiled and laid on Speaker's table; offered 05/13/24 24200032D"
1877790,2024-05-13,House,2,"Engrossed by House"
1877790,2024-05-13,House,3,"Agreed to by House by voice vote"
1877790,2024-05-13,House,4,"Bill text as passed House (HR640ER)"
1877791,2024-05-13,House,1,"Prefiled and laid on Speaker's table; offered 05/13/24 24200018D"
1877791,2024-05-13,House,2,"Engrossed by House"
1877791,2024-05-13,House,3,"Agreed to by House by voice vote"
1877791,2024-05-13,House,4,"Bill text as passed House (HR659ER)"
1877792,2024-05-13,House,1,"Prefiled and laid on Speaker's table; offered 05/13/24 24200002D"
1877792,2024-05-13,House,2,"Engrossed by House"
1877792,2024-05-13,House,3,"Agreed to by House by voice vote"
1877792,2024-05-13,House,4,"Bill text as passed House (HR673ER)"
1877794,2024-05-13,House,1,"Prefiled and laid on Speaker's table; offered 05/13/24 24200015D"
1877794,2024-05-13,House,2,"Engrossed by House"
1877794,2024-05-13,House,3,"Agreed to by House"
1877794,2024-05-13,House,4,"Bill text as passed House (HR645ER)"
1877795,2024-05-12,House,1,"Prefiled and laid on Speaker's table; offered 05/13/24 24200094D"
1877795,2024-05-13,House,2,"Engrossed by House"
1877795,2024-05-13,House,3,"Agreed to by House by voice vote"
1877795,2024-05-13,House,4,"Bill text as passed House (HR619ER)"
1877798,2024-05-13,House,1,"Prefiled and laid on Speaker's table; offered 05/13/24 24200085D"
1877798,2024-05-13,House,2,"Engrossed by House"
1877798,2024-05-13,House,3,"Agreed to by House by voice vote"
1877798,2024-05-13,House,4,"Bill text as passed House (HR631ER)"
1877801,2024-05-13,House,1,"Prefiled and laid on Speaker's table; offered 05/13/24 24200043D"
1877801,2024-05-13,House,2,"Engrossed by House"
1877801,2024-05-13,House,3,"Agreed to by House by voice vote"
1877801,2024-05-13,House,4,"Bill text as passed House (HR663ER)"
1877802,2024-05-13,House,1,"Prefiled and laid on Speaker's table; offered 05/13/24 24200035D"
1877802,2024-05-13,House,2,"Engrossed by House"
1877802,2024-05-13,House,3,"Agreed to by House"
1877802,2024-05-13,House,4,"Bill text as passed House (HR648ER)"
1877804,2024-05-13,House,1,"Prefiled and laid on Speaker's table; offered 05/13/24 24200051D"
1877804,2024-05-13,House,2,"Engrossed by House"
1877804,2024-05-13,House,3,"Agreed to by House by voice vote"
1877804,2024-05-13,House,4,"Bill text as passed House (HR642ER)"
1877805,2024-05-13,House,1,"Prefiled and laid on Speaker's table; offered 05/13/24 24200024D"
1877805,2024-05-13,House,2,"Engrossed by House"
1877805,2024-05-13,House,3,"Agreed to by House by voice vote"
1877805,2024-05-13,House,4,"Bill text as passed House (HR658ER)"
1877808,2024-05-12,House,1,"Prefiled and laid on Speaker's table; offered 05/13/24 24200054D"
1877808,2024-05-13,House,2,"Engrossed by House"
1877808,2024-05-13,House,3,"Agreed to by House by voice vote"
1877808,2024-05-13,House,4,"Bill text as passed House (HR618ER)"
1877809,2024-05-13,House,1,"Prefiled and laid on Speaker's table; offered 05/13/24 24200037D"
1877809,2024-05-13,House,2,"Engrossed by House"
1877809,2024-05-13,House,3,"Agreed to by House"
1877809,2024-05-13,House,4,"Bill text as passed House (HR650ER)"
1877811,2024-05-13,House,1,"Prefiled and laid on Speaker's table; offered 05/13/24 24200025D"
1877811,2024-05-13,House,2,"Engrossed by House"
1877811,2024-05-13,House,3,"Agreed to by House by voice vote"
1877811,2024-05-13,House,4,"Bill text as passed House (HR655ER)"
1877812,2024-05-11,House,1,"Prefiled and laid on Speaker's table; offered 05/13/24 24200030D"
1877812,2024-05-13,House,2,"Engrossed by House"
1877812,2024-05-13,House,3,"Agreed to by House by voice vote"
1877812,2024-05-13,House,4,"Bill text as passed House (HR612ER)"
1877813,2024-05-13,House,1,"Prefiled and laid on Speaker's table; offered 05/13/24 24200031D"
1877813,2024-05-13,House,2,"Engrossed by House"
1877813,2024-05-13,House,3,"Agreed to by House by voice vote"
1877813,2024-05-13,House,4,"Bill text as passed House (HR639ER)"
1877815,2024-05-10,House,1,"Prefiled and laid on Speaker's table; offered 05/13/24 24200013D"
1877815,2024-05-13,House,2,"Engrossed by House"
1877815,2024-05-13,House,3,"Agreed to by House by voice vote"
1877815,2024-05-13,House,4,"Bill text as passed House (HR607ER)"
1877818,2024-05-13,House,1,"Prefiled and laid on Speaker's table; offered 05/13/24 24200116D"
1877818,2024-05-13,House,2,"Engrossed by House"
1877818,2024-05-13,House,3,"Agreed to by House by voice vote"
1877818,2024-05-13,House,4,"Bill text as passed House (HR669ER)"
1877819,2024-05-13,House,1,"Prefiled and laid on Speaker's table; offered 05/13/24 24200036D"
1877819,2024-05-13,House,2,"Engrossed by House"
1877819,2024-05-13,House,3,"Agreed to by House"
1877819,2024-05-13,House,4,"Bill text as passed House (HR649ER)"
1877821,2024-05-12,House,1,"Prefiled and laid on Speaker's table; offered 05/13/24 24200021D"
1877821,2024-05-13,House,2,"Engrossed by House"
1877821,2024-05-13,House,3,"Agreed to by House by voice vote"
1877821,2024-05-13,House,4,"Bill text as passed House (HR623ER)"
1877822,2024-05-13,House,1,"Presented and laid on Speaker's table 24200114D"
1877822,2024-05-13,House,2,"Engrossed by House"
1877822,2024-05-13,House,3,"Agreed to by House"
1877822,2024-05-13,House,4,"Bill text as passed House (HR682ER)"
1877831,2024-05-13,House,1,"Presented and laid on Speaker's table 24200128D"
1877831,2024-05-13,House,2,"Taken up for immediate consideration"
1877831,2024-05-13,House,3,"Engrossed by House"
1877831,2024-05-13,House,4,"Agreed to by House by voice vote"
1877831,2024-05-13,House,5,"Bill text as passed House (HR689ER)"
1877834,2024-05-13,House,1,"Presented 24200109D"
1877834,2024-05-13,House,2,"Taken up for immediate consideration"
1877834,2024-05-13,House,3,"Engrossed by House"
1877834,2024-05-13,House,4,"Election by House (98-Y 0-N)"
1877834,2024-05-13,House,5,"VOTE: Election (98-Y 0-N)"
1877834,2024-05-13,House,6,"Agreed to by House by voice vote"
1877836,2024-05-13,House,1,"Presented 24200108D"
1877836,2024-05-13,House,2,"Taken up for immediate consideration"
1877836,2024-05-13,House,3,"Engrossed by House"
1877836,2024-05-13,House,4,"Election by House (99-Y 0-N)"
1877836,2024-05-13,House,5,"VOTE: Election (99-Y 0-N)"
1877836,2024-05-13,House,6,"Agreed to by House by voice vote"
1877839,2024-05-12,House,1,"Prefiled and laid on Speaker's table; offered 05/13/24 24200057D"
1877839,2024-05-13,House,2,"Engrossed by House"
1877839,2024-05-13,House,3,"Agreed to by House"
1877839,2024-05-13,House,4,"Bill text as passed House (HR617ER)"
1877843,2024-05-13,House,1,"Prefiled and laid on Speaker's table; offered 05/13/24 24200124D"
1877843,2024-05-13,House,2,"Engrossed by House"
1877843,2024-05-13,House,3,"Agreed to by House by voice vote"
1877843,2024-05-13,House,4,"Bill text as passed House (HR679ER)"
1877848,2024-05-13,House,1,"Presented, ordered printed 24200131D"
1877848,2024-05-13,House,2,"Taken up for immediate consideration"
1877848,2024-05-13,House,3,"Engrossed by House"
1877848,2024-05-13,House,4,"Agreed to by House (100-Y 0-N)"
1877848,2024-05-13,House,5,"VOTE: Adoption (100-Y 0-N)"
1877848,2024-05-13,House,6,"Reading of report waived (95-Y 1-N)"
1877848,2024-05-13,House,7,"VOTE: Adoption (95-Y 1-N)"
1877848,2024-05-13,Senate,8,Received
1877848,2024-05-13,Senate,9,"Taken up for immediate consideration"
1877848,2024-05-13,Senate,10,"Agreed to by Senate (40-Y 0-N)"
1877848,2024-05-13,House,11,"Bill text as passed House and Senate (HJ6002ER)"
1877850,2024-05-13,Senate,1,"Prefiled and laid on Clerk's desk; offered 05/13/24 24200119D"
1877850,2024-05-13,Senate,2,"Engrossed by Senate"
1877850,2024-05-13,Senate,3,"Agreed to by Senate by voice vote"
1877850,2024-05-13,Senate,4,"Bill text as passed Senate (SR604ER)"
1877857,2024-05-13,House,1,"Prefiled and laid on Speaker's table; offered 05/13/24 24200070D"
1877857,2024-05-13,House,2,"Engrossed by House"
1877857,2024-05-13,House,3,"Agreed to by House by voice vote"
1877857,2024-05-13,House,4,"Bill text as passed House (HR641ER)"
1877859,2024-05-13,House,1,"Prefiled and laid on Speaker's table; offered 05/13/24 24200040D"
1877859,2024-05-13,House,2,"Engrossed by House"
1877859,2024-05-13,House,3,"Agreed to by House by voice vote"
1877859,2024-05-13,House,4,"Bill text as passed House (HR652ER)"
1877864,2024-05-13,House,1,"Prefiled and laid on Speaker's table; offered 05/13/24 24200098D"
1877864,2024-05-13,House,2,"Engrossed by House"
1877864,2024-05-13,House,3,"Agreed to by House by voice vote"
1877864,2024-05-13,House,4,"Bill text as passed House (HR661ER)"
1877870,2024-05-13,House,1,"Prefiled and laid on Speaker's table; offered 05/13/24 24200080D"
1877870,2024-05-13,House,2,"Engrossed by House"
1877870,2024-05-13,House,3,"Agreed to by House by voice vote"
1877870,2024-05-13,House,4,"Bill text as passed House (HR628ER)"
1877874,2024-05-13,House,1,"Prefiled and laid on Speaker's table; offered 05/13/24 24200097D"
1877874,2024-05-13,House,2,"Engrossed by House"
1877874,2024-05-13,House,3,"Agreed to by House by voice vote"
1877874,2024-05-13,House,4,"Bill text as passed House (HR636ER)"
1877876,2024-05-13,House,1,"Prefiled and laid on Speaker's table; offered 05/13/24 24200034D"
1877876,2024-05-13,House,2,"Engrossed by House"
1877876,2024-05-13,House,3,"Agreed to by House"
1877876,2024-05-13,House,4,"Bill text as passed House (HR646ER)"
1877888,2024-05-13,Senate,1,"Presented 24200010D"
1877888,2024-05-13,Senate,2,"Laid on Clerk's Desk"
1877888,2024-05-13,Senate,3,"Engrossed by Senate"
1877888,2024-05-13,Senate,4,"Agreed to by Senate"
1877888,2024-05-13,Senate,5,"Bill text as passed Senate (SR610ER)"
1877894,2024-05-13,House,1,"Prefiled and laid on Speaker's table; offered 05/13/24 24200009D"
1877894,2024-05-13,House,2,"Engrossed by House"
1877894,2024-05-13,House,3,"Agreed to by House by voice vote"
1877894,2024-05-13,House,4,"Bill text as passed House (HR672ER)"
1877897,2024-05-13,Senate,1,"Prefiled and laid on Clerk's desk; offered 05/13/24 24200087D"
1877897,2024-05-13,Senate,2,"Engrossed by Senate"
1877897,2024-05-13,Senate,3,"Agreed to by Senate by voice vote"
1877897,2024-05-13,Senate,4,"Bill text as passed Senate (SR602ER)"
1877902,2024-05-13,Senate,1,"Presented 24200130D"
1877902,2024-05-13,Senate,2,"Laid on Clerk's Desk"
1877902,2024-05-13,Senate,3,"Engrossed by Senate"
1877902,2024-05-13,Senate,4,"Agreed to by Senate by voice vote"
1877902,2024-05-13,Senate,5,"Bill text as passed Senate (SR614ER)"
1877909,2024-05-12,House,1,"Prefiled and laid on Speaker's table; offered 05/13/24 24200059D"
1877909,2024-05-13,House,2,"Engrossed by House"
1877909,2024-05-13,House,3,"Agreed to by House"
1877909,2024-05-13,House,4,"Bill text as passed House (HR615ER)"
1877913,2024-05-13,Senate,1,"Presented 24200011D"
1877913,2024-05-13,Senate,2,"Laid on Clerk's Desk"
1877913,2024-05-13,Senate,3,"Engrossed by Senate"
1877913,2024-05-13,Senate,4,"Agreed to by Senate"
1877913,2024-05-13,Senate,5,"Bill text as passed Senate (SR609ER)"
1877917,2024-05-13,Senate,1,"Presented 24200081D"
1877917,2024-05-13,Senate,2,"Laid on Clerk's Desk"
1877917,2024-05-13,Senate,3,"Engrossed by Senate"
1877917,2024-05-13,Senate,4,"Agreed to by Senate"
1877917,2024-05-13,Senate,5,"Bill text as passed Senate (SR611ER)"
1877924,2024-05-13,House,1,"Prefiled and ordered printed; offered 05/13/24 24200118D"
1877924,2024-05-13,House,2,"Taken up for immediate consideration"
1877924,2024-05-13,House,3,"Engrossed by House"
1877924,2024-05-13,House,4,"Agreed to by House (99-Y 0-N)"
1877924,2024-05-13,House,5,"VOTE: Adoption (99-Y 0-N)"
1877924,2024-05-13,Senate,6,Received
1877924,2024-05-13,Senate,7,"Referred to Committee on Rules"
1877924,2024-05-13,Senate,8,"Discharged from Rules"
1877924,2024-05-13,Senate,9,"Readings waived"
1877924,2024-05-13,Senate,10,"Taken up for immediate consideration"
1877924,2024-05-13,Senate,11,"Agreed to by Senate (39-Y 1-N)"
1877924,2024-05-13,House,12,"Bill text as passed House and Senate (HJ6001ER)"
1877928,2024-05-13,House,1,"Prefiled and laid on Speaker's table; offered 05/13/24 24200052D"
1877928,2024-05-13,House,2,"Engrossed by House"
1877928,2024-05-13,House,3,"Agreed to by House by voice vote"
1877928,2024-05-13,House,4,"Bill text as passed House (HR662ER)"
1877933,2024-05-13,House,1,"Prefiled and laid on Speaker's table; offered 05/13/24 24200014D"
1877933,2024-05-13,House,2,"Engrossed by House"
1877933,2024-05-13,House,3,"Agreed to by House by voice vote"
1877933,2024-05-13,House,4,"Bill text as passed House (HR671ER)"
1877937,2024-05-13,House,1,"Prefiled and laid on Speaker's table; offered 05/13/24 24200077D"
1877937,2024-05-13,House,2,"Engrossed by House"
1877937,2024-05-13,House,3,"Agreed to by House"
1877937,2024-05-13,House,4,"Bill text as passed House (HR667ER)"
1877942,2024-05-13,House,1,"Prefiled and laid on Speaker's table; offered 05/13/24 24200005D"
1877942,2024-05-13,House,2,"Engrossed by House"
1877942,2024-05-13,House,3,"Agreed to by House by voice vote"
1877942,2024-05-13,House,4,"Bill text as passed House (HR630ER)"
1877945,2024-05-12,House,1,"Prefiled and laid on Speaker's table; offered 05/13/24 24200058D"
1877945,2024-05-13,House,2,"Engrossed by House"
1877945,2024-05-13,House,3,"Agreed to by House by voice vote"
1877945,2024-05-13,House,4,"Bill text as passed House (HR616ER)"
1877949,2024-05-13,Senate,1,"Presented 24200012D"
1877949,2024-05-13,Senate,2,"Laid on Clerk's Desk"
1877949,2024-05-13,Senate,3,"Engrossed by Senate"
1877949,2024-05-13,Senate,4,"Agreed to by Senate by voice vote"
1877949,2024-05-13,Senate,5,"Bill text as passed Senate (SR608ER)"
1877951,2024-05-10,House,1,"Prefiled and laid on Speaker's table; offered 05/13/24 24200073D"
1877951,2024-05-13,House,2,"Engrossed by House"
1877951,2024-05-13,House,3,"Agreed to by House"
1877951,2024-05-13,House,4,"Bill text as passed House (HR608ER)"
1877954,2024-05-13,Senate,1,"Prefiled and laid on Clerk's desk; offered 05/13/24 24200082D"
1877954,2024-05-13,Senate,2,"Engrossed by Senate"
1877954,2024-05-13,Senate,3,"Agreed to by Senate"
1877954,2024-05-13,Senate,4,"Bill text as passed Senate (SR613ER)"
1877957,2024-05-13,House,1,"Prefiled and laid on Speaker's table; offered 05/13/24 24200090D"
1877957,2024-05-13,House,2,"Engrossed by House"
1877957,2024-05-13,House,3,"Agreed to by House by voice vote"
1877957,2024-05-13,House,4,"Bill text as passed House (HR637ER)"
1877961,2024-05-13,House,1,"Prefiled and laid on Speaker's table; offered 05/13/24 24200084D"
1877961,2024-05-13,House,2,"Taken up for immediate consideration"
1877961,2024-05-13,House,3,"Engrossed by House"
1877961,2024-05-13,House,4,"Agreed to by House by voice vote"
1877961,2024-05-13,House,5,"Bill text as passed House (HR635ER)"
1877964,2024-05-13,House,1,"Presented and laid on Speaker's table 24200115D"
1877964,2024-05-13,House,2,"Engrossed by House"
1877964,2024-05-13,House,3,"Agreed to by House by voice vote"
1877968,2024-05-13,House,1,"Prefiled and laid on Speaker's table; offered 05/13/24 24200041D"
1877968,2024-05-13,House,2,"Engrossed by House"
1877968,2024-05-13,House,3,"Agreed to by House"
1877968,2024-05-13,House,4,"Bill text as passed House (HR633ER)"
1877973,2024-05-13,Senate,1,"Prefiled and ordered printed; offered 05/13/24 24200092D"
1877973,2024-05-13,Senate,2,"Referred to Committee on Rules"
1877973,2024-05-13,Senate,3,"Discharged from Rules"
1877973,2024-05-13,Senate,4,"Readings waived"
1877973,2024-05-13,Senate,5,"Taken up for immediate consideration"
1877973,2024-05-13,Senate,6,"Engrossed by Senate"
1877973,2024-05-13,Senate,7,"Agreed to by Senate (40-Y 0-N)"
1877973,2024-05-13,Senate,8,"Bill text as passed Senate (SR601ER)"
1877978,2024-05-13,House,1,"Prefiled and laid on Speaker's table; offered 05/13/24 24200006D"
1877978,2024-05-13,House,2,"Engrossed by House"
1877978,2024-05-13,House,3,"Agreed to by House by voice vote"
1877978,2024-05-13,House,4,"Bill text as passed House (HR674ER)"
1877983,2024-05-13,House,1,"Prefiled and laid on Speaker's table; offered 05/13/24 24200007D"
1877983,2024-05-13,House,2,"Engrossed by House"
1877983,2024-05-13,House,3,"Agreed to by House by voice vote"
1877986,2024-05-12,House,1,"Prefiled and laid on Speaker's table; offered 05/13/24 24200088D"
1877986,2024-05-13,House,2,"Engrossed by House"
1877986,2024-05-13,House,3,"Agreed to by House"
1877986,2024-05-13,House,4,"Bill text as passed House (HR621ER)"
1877994,2024-05-13,House,1,"Prefiled and laid on Speaker's table; offered 05/13/24 24200104D"
1877994,2024-05-13,House,2,"Engrossed by House"
1877994,2024-05-13,House,3,"Agreed to by House by voice vote"
1877994,2024-05-13,House,4,"Bill text as passed House (HR664ER)"
1877998,2024-05-13,Senate,1,"Prefiled and laid on Clerk's desk; offered 05/13/24 24200126D"
1877998,2024-05-13,Senate,2,"Engrossed by Senate"
1877998,2024-05-13,Senate,3,"Agreed to by Senate by voice vote"
1877998,2024-05-13,Senate,4,"Bill text as passed Senate (SR603ER)"
1878002,2024-05-13,House,1,"Presented and laid on Speaker's table 24200047D"
1878002,2024-05-13,House,2,"Engrossed by House"
1878002,2024-05-13,House,3,"Agreed to by House by voice vote"
1878005,2024-05-13,House,1,"Presented and laid on Speaker's table 24200113D"
1878005,2024-05-13,House,2,"Taken up for immediate consideration"
1878005,2024-05-13,House,3,"Engrossed by House"
1878005,2024-05-13,House,4,"Agreed to by House"
1878008,2024-05-13,House,1,"Prefiled and laid on Speaker's table; offered 05/13/24 24200045D"
1878008,2024-05-13,House,2,"Engrossed by House"
1878008,2024-05-13,House,3,"Agreed to by House by voice vote"
1878008,2024-05-13,House,4,"Bill text as passed House (HR654ER)"
1878014,2024-05-13,Senate,1,"Presented and ordered printed 24200110D"
1878014,2024-05-13,Senate,2,"Referred to Committee for Courts of Justice"
1878014,2024-05-13,Senate,3,"Rules suspended"
1878014,2024-05-13,Senate,4,"Discharged from Courts of Justice"
1878014,2024-05-13,Senate,5,"Readings waived"
1878014,2024-05-13,Senate,6,"Taken up for immediate consideration"
1878014,2024-05-13,Senate,7,"Engrossed by Senate"
1878014,2024-05-13,Senate,8,"Agreed to by Senate by voice vote"
1878014,2024-05-13,Senate,9,"Election by Senate (40-Y 0-N)"
1878014,2024-05-13,Senate,10,"Bill text as passed Senate (SR605ER)"
1878026,2024-05-13,Senate,1,"Presented and ordered printed 24200112D"
1878026,2024-05-13,Senate,2,"Referred to Committee for Courts of Justice"
1878026,2024-05-13,Senate,3,"Rules suspended"
1878026,2024-05-13,Senate,4,"Discharged from Courts of Justice"
1878026,2024-05-13,Senate,5,"Readings waived"
1878026,2024-05-13,Senate,6,"Taken up for immediate consideration"
1878026,2024-05-13,Senate,7,"Engrossed by Senate"
1878026,2024-05-13,Senate,8,"Agreed to by Senate by voice vote"
1878026,2024-05-13,Senate,9,"Election by Senate (40-Y 0-N)"
1878026,2024-05-13,Senate,10,"Bill text as passed Senate (SR607ER)"
1878040,2024-05-13,House,1,"Prefiled and laid on Speaker's table; offered 05/13/24 24200076D"
1878040,2024-05-13,House,2,"Engrossed by House"
1878040,2024-05-13,House,3,"Agreed to by House by voice vote"
1878040,2024-05-13,House,4,"Bill text as passed House (HR643ER)"
1878052,2024-05-13,House,1,"Presented 24200107D"
1878052,2024-05-13,House,2,"Taken up for immediate consideration"
1878052,2024-05-13,House,3,"Engrossed by House"
1878052,2024-05-13,House,4,"Election by House (98-Y 0-N)"
1878052,2024-05-13,House,5,"VOTE: Election (98-Y 0-N)"
1878052,2024-05-13,House,6,"Agreed to by House by voice vote"
1878052,2024-05-13,House,7,"Bill text as passed House (HR685ER)"
1878066,2024-05-13,House,1,"Prefiled and laid on Speaker's table; offered 05/13/24 24200020D"
1878066,2024-05-13,House,2,"Engrossed by House"
1878066,2024-05-13,House,3,"Agreed to by House by voice vote"
1878066,2024-05-13,House,4,"Bill text as passed House (HR656ER)"
1878079,2024-05-13,Senate,1,"Presented and ordered printed 24200111D"
1878079,2024-05-13,Senate,2,"Referred to Committee for Courts of Justice"
1878079,2024-05-13,Senate,3,"Rules suspended"
1878079,2024-05-13,Senate,4,"Discharged from Courts of Justice"
1878079,2024-05-13,Senate,5,"Readings waived"
1878079,2024-05-13,Senate,6,"Taken up for immediate consideration"
1878079,2024-05-13,Senate,7,"Engrossed by Senate"
1878079,2024-05-13,Senate,8,"Agreed to by Senate by voice vote"
1878079,2024-05-13,Senate,9,"Election by Senate (40-Y 0-N)"
1878079,2024-05-13,Senate,10,"Bill text as passed Senate (SR606ER)"
1878088,2024-05-13,House,1,"Presented and laid on Speaker's table 24200004D"
1878088,2024-05-13,House,2,"Engrossed by House"
1878088,2024-05-13,House,3,"Agreed to by House"
1878088,2024-05-13,House,4,"Bill text as passed House (HR683ER)"
1878102,2024-05-13,House,1,"Presented and laid on Speaker's table 24200129D"
1878102,2024-05-13,House,2,"Engrossed by House"
1878102,2024-05-13,House,3,"Agreed to by House by voice vote"
1878102,2024-05-13,House,4,"Bill text as passed House (HR688ER)"
1878112,2024-05-13,Senate,1,"Presented 24200132D"
1878112,2024-05-13,Senate,2,"Laid on Clerk's Desk"
1878112,2024-05-13,Senate,3,"Engrossed by Senate"
1878112,2024-05-13,Senate,4,"Agreed to by Senate by voice vote"
1878112,2024-05-13,Senate,5,"Bill text as passed Senate (SR612ER)"
1882797,2024-06-18,House,1,"Presented and laid on Speaker's table 24200063D"
1882797,2024-06-28,House,2,"Engrossed by House"
1882797,2024-06-28,House,3,"Agreed to by House by voice vote"
1882797,2024-06-28,House,4,"Bill text as passed House (HR696ER)"
1882800,2024-06-17,Senate,1,"Presented 24200197D"
1882800,2024-06-17,Senate,2,"Laid on Clerk's Desk"
1882800,2024-06-18,Senate,3,"Engrossed by Senate"
1882800,2024-06-18,Senate,4,"Agreed to by Senate by voice vote"
1882800,2024-06-18,Senate,5,"Bill text as passed Senate (SR616ER)"
1882803,2024-06-14,Senate,1,"Presented and ordered printed 24200154D"
1882803,2024-06-14,Senate,2,"Referred to Committee on Finance and Appropriations"
1882807,2024-06-17,Senate,1,"Presented 24200196D"
1882807,2024-06-17,Senate,2,"Laid on Clerk's Desk"
1882807,2024-06-18,Senate,3,"Engrossed by Senate"
1882807,2024-06-18,Senate,4,"Agreed to by Senate by voice vote"
1882807,2024-06-18,Senate,5,"Bill text as passed Senate (SR615ER)"
1882810,2024-06-16,Senate,1,"Presented and ordered printed 24200221D"
1882810,2024-06-16,Senate,2,"Referred to Committee on Commerce and Labor"
1882813,2024-06-16,Senate,1,"Presented and ordered printed 24200199D"
1882813,2024-06-16,Senate,2,"Referred to Committee on Finance and Appropriations"
1882815,2024-06-13,House,1,"Presented and ordered printed 24200185D"
1882815,2024-06-13,House,2,"Referred to Committee on Appropriations"
1882815,2024-06-28,House,3,"Reported from Appropriations (21-Y 0-N)"
1882815,2024-06-28,House,4,"Read first time"
1882815,2024-06-28,House,5,"Constitutional readings dispensed (91-Y 0-N)"
1882815,2024-06-28,House,6,"VOTE: Adoption (91-Y 0-N)"
1882815,2024-06-28,House,7,"Engrossed by House"
1882815,2024-06-28,House,8,"Passed House (92-Y 0-N)"
1882815,2024-06-28,House,9,"VOTE: Passage (92-Y 0-N)"
1882815,2024-07-01,Senate,10,"Constitutional reading dispensed"
1882815,2024-07-01,Senate,11,"Referred to Committee on Finance and Appropriations"
1882819,2024-06-18,House,1,"Presented and laid on Speaker's table 24200064D"
1882819,2024-06-28,House,2,"Engrossed by House"
1882819,2024-06-28,House,3,"Agreed to by House by voice vote"
1882819,2024-06-28,House,4,"Bill text as passed House (HR694ER)"
1882822,2024-05-21,House,1,"Presented and laid on Speaker's table 24200117D"
1882822,2024-06-28,House,2,"Engrossed by House"
1882822,2024-06-28,House,3,"Agreed to by House by voice vote"
1882822,2024-06-28,House,4,"Bill text as passed House (HR691ER)"
1882825,2024-06-18,Senate,1,"Presented 24200201D"
1882825,2024-06-18,Senate,2,"Laid on Clerk's Desk"
1882825,2024-06-18,Senate,3,"Engrossed by Senate"
1882825,2024-06-18,Senate,4,"Agreed to by Senate"
1882825,2024-06-18,Senate,5,"Bill text as passed Senate (SR621ER)"
1882829,2024-06-18,House,1,"Presented and laid on Speaker's table 24200065D"
1882829,2024-06-28,House,2,"Engrossed by House"
1882829,2024-06-28,House,3,"Agreed to by House by voice vote"
1882829,2024-06-28,House,4,"Bill text as passed House (HR697ER)"
1882832,2024-06-18,Senate,1,"Presented 24200194D"
1882832,2024-06-18,Senate,2,"Laid on Clerk's Desk"
1882832,2024-06-18,Senate,3,"Engrossed by Senate"
1882832,2024-06-18,Senate,4,"Agreed to by Senate by voice vote"
1882832,2024-06-18,Senate,5,"Bill text as passed Senate (SR622ER)"
1882834,2024-06-17,Senate,1,"Presented 24200198D"
1882834,2024-06-17,Senate,2,"Laid on Clerk's Desk"
1882834,2024-06-18,Senate,3,"Engrossed by Senate"
1882834,2024-06-18,Senate,4,"Agreed to by Senate"
1882834,2024-06-18,Senate,5,"Bill text as passed Senate (SR618ER)"
1882837,2024-06-15,Senate,1,"Presented and ordered printed 24200218D"
1882837,2024-06-15,Senate,2,"Referred to Committee on Commerce and Labor"
1882841,2024-05-21,House,1,"Presented and laid on Speaker's table 24200144D"
1882841,2024-06-28,House,2,"Engrossed by House"
1882841,2024-06-28,House,3,"Agreed to by House by voice vote"
1882841,2024-06-28,House,4,"Bill text as passed House (HR692ER)"
1882844,2024-06-18,Senate,1,"Presented 24200226D"
1882844,2024-06-18,Senate,2,"Laid on Clerk's Desk"
1882844,2024-06-18,Senate,3,"Engrossed by Senate"
1882844,2024-06-18,Senate,4,"Agreed to by Senate by voice vote"
1882844,2024-06-18,Senate,5,"Bill text as passed Senate (SR623ER)"
1882847,2024-06-16,Senate,1,"Presented and ordered printed 24200222D"
1882847,2024-06-16,Senate,2,"Referred to Committee on Finance and Appropriations"
1882851,2024-06-18,Senate,1,"Presented 24200164D"
1882851,2024-06-18,Senate,2,"Laid on Clerk's Desk"
1882851,2024-06-18,Senate,3,"Engrossed by Senate"
1882851,2024-06-18,Senate,4,"Agreed to by Senate"
1882851,2024-06-18,Senate,5,"Bill text as passed Senate (SR624ER)"
1882856,2024-06-13,House,1,"Presented and laid on Speaker's table 24200106D"
1882856,2024-06-28,House,2,"Engrossed by House"
1882856,2024-06-28,House,3,"Agreed to by House"
1882856,2024-06-28,House,4,"Bill text as passed House (HR693ER)"
1882859,2024-06-18,Senate,1,"Presented 24200231D"
1882859,2024-06-18,Senate,2,"Laid on Clerk's Desk"
1882859,2024-06-18,Senate,3,"Engrossed by Senate"
1882859,2024-06-18,Senate,4,"Agreed to by Senate"
1882859,2024-06-18,Senate,5,"Bill text as passed Senate (SR620ER)"
1882863,2024-06-16,Senate,1,"Presented and ordered printed 24200214D"
1882863,2024-06-16,Senate,2,"Referred to Committee on Finance and Appropriations"
1882866,2024-06-18,Senate,1,"Presented 24200213D"
1882866,2024-06-18,Senate,2,"Laid on Clerk's Desk"
1882866,2024-06-18,Senate,3,"Engrossed by Senate"
1882866,2024-06-18,Senate,4,"Agreed to by Senate by voice vote"
1882866,2024-06-18,Senate,5,"Bill text as passed Senate (SR619ER)"
1882869,2024-06-18,House,1,"Presented and laid on Speaker's table 24200062D"
1882869,2024-06-28,House,2,"Engrossed by House"
1882869,2024-06-28,House,3,"Agreed to by House by voice vote"
1882869,2024-06-28,House,4,"Bill text as passed House (HR695ER)"
1882871,2024-06-17,Senate,1,"Presented 24200166D"
1882871,2024-06-17,Senate,2,"Laid on Clerk's Desk"
1882871,2024-06-18,Senate,3,"Engrossed by Senate"
1882871,2024-06-18,Senate,4,"Agreed to by Senate by voice vote"
1882871,2024-06-18,Senate,5,"Bill text as passed Senate (SR617ER)"
1882948,2024-06-20,Senate,1,"Presented 24200229D"
1882948,2024-06-20,Senate,2,"Laid on Clerk's Desk"
1882948,2024-07-01,Senate,3,"Engrossed by Senate"
1882948,2024-07-01,Senate,4,"Agreed to by Senate"
1882948,2024-07-01,Senate,5,"Bill text as passed Senate (SR625ER)"
1883010,2024-06-21,House,1,"Presented and laid on Speaker's table 24200172D"
1883010,2024-06-28,House,2,"Engrossed by House"
1883010,2024-06-28,House,3,"Agreed to by House by voice vote"
1883010,2024-06-28,House,4,"Bill text as passed House (HR698ER)"
1883088,2024-06-21,House,1,"Presented and laid on Speaker's table 24200232D"
1883088,2024-06-28,House,2,"Engrossed by House"
1883088,2024-06-28,House,3,"Agreed to by House"
1883088,2024-06-28,House,4,"Bill text as passed House (HR699ER)"
1883121,2024-06-22,House,1,"Presented and laid on Speaker's table 24200247D"
1883121,2024-06-28,House,2,"Engrossed by House"
1883121,2024-06-28,House,3,"Agreed to by House"
1883121,2024-06-28,House,4,"Bill text as passed House (HR700ER)"
1883125,2024-06-24,House,1,"Presented and laid on Speaker's table 24200155D"
1883125,2024-06-28,House,2,"Engrossed by House"
1883125,2024-06-28,House,3,"Agreed to by House by voice vote"
1883125,2024-06-28,House,4,"Bill text as passed House (HR701ER)"
1883128,2024-06-24,House,1,"Presented and laid on Speaker's table 24200242D"
1883128,2024-06-28,House,2,"Engrossed by House"
1883128,2024-06-28,House,3,"Agreed to by House"
1883128,2024-06-28,House,4,"Bill text as passed House (HR702ER)"
1883151,2024-06-24,House,1,"Presented and laid on Speaker's table 24200227D"
1883151,2024-06-28,House,2,"Engrossed by House"
1883151,2024-06-28,House,3,"Agreed to by House by voice vote"
1883151,2024-06-28,House,4,"Bill text as passed House (HR704ER)"
1883179,2024-06-24,House,1,"Presented and laid on Speaker's table 24200248D"
1883179,2024-06-28,House,2,"Engrossed by House"
1883179,2024-06-28,House,3,"Agreed to by House"
1883179,2024-06-28,House,4,"Bill text as passed House (HR703ER)"
1883250,2024-06-24,House,1,"Presented and laid on Speaker's table 24200192D"
1883250,2024-06-28,House,2,"Engrossed by House"
1883250,2024-06-28,House,3,"Agreed to by House by voice vote"
1883250,2024-06-28,House,4,"Bill text as passed House (HR705ER)"
1883256,2024-06-25,House,1,"Presented and laid on Speaker's table 24200230D"
1883256,2024-06-28,House,2,"Engrossed by House"
1883256,2024-06-28,House,3,"Agreed to by House by voice vote"
1883256,2024-06-28,House,4,"Bill text as passed House (HR707ER)"
1883262,2024-06-25,House,1,"Presented and laid on Speaker's table 24200210D"
1883262,2024-06-28,House,2,"Engrossed by House"
1883262,2024-06-28,House,3,"Agreed to by House by voice vote"
1883262,2024-06-28,House,4,"Bill text as passed House (HR708ER)"
1883268,2024-06-25,House,1,"Presented and laid on Speaker's table 24200211D"
1883268,2024-06-28,House,2,"Engrossed by House"
1883268,2024-06-28,House,3,"Agreed to by House by voice vote"
1883268,2024-06-28,House,4,"Bill text as passed House (HR709ER)"
1883273,2024-06-25,House,1,"Presented and laid on Speaker's table 24200278D"
1883273,2024-06-28,House,2,"Stricken from House calendar"
1883282,2024-06-25,House,1,"Presented and laid on Speaker's table 24200245D"
1883282,2024-06-28,House,2,"Engrossed by House"
1883282,2024-06-28,House,3,"Agreed to by House"
1883282,2024-06-28,House,4,"Bill text as passed House (HR710ER)"
1883289,2024-06-25,House,1,"Presented and laid on Speaker's table 24200203D"
1883289,2024-06-28,House,2,"Engrossed by House"
1883289,2024-06-28,House,3,"Agreed to by House by voice vote"
1883289,2024-06-28,House,4,"Bill text as passed House (HR711ER)"
1883297,2024-06-25,House,1,"Presented and laid on Speaker's table 24200207D"
1883297,2024-06-28,House,2,"Engrossed by House"
1883297,2024-06-28,House,3,"Agreed to by House by voice vote"
1883297,2024-06-28,House,4,"Bill text as passed House (HR712ER)"
1883306,2024-06-25,House,1,"Presented and laid on Speaker's table 24200241D"
1883306,2024-06-28,House,2,"Engrossed by House"
1883306,2024-06-28,House,3,"Agreed to by House by voice vote"
1883306,2024-06-28,House,4,"Bill text as passed House (HR714ER)"
1883312,2024-06-25,House,1,"Presented and laid on Speaker's table 24200267D"
1883312,2024-06-28,House,2,"Engrossed by House"
1883312,2024-06-28,House,3,"Agreed to by House by voice vote"
1883312,2024-06-28,House,4,"Bill text as passed House (HR713ER)"
1883392,2024-06-25,House,1,"Presented and laid on Speaker's table 24200177D"
1883392,2024-06-28,House,2,"Engrossed by House"
1883392,2024-06-28,House,3,"Agreed to by House by voice vote"
1883392,2024-06-28,House,4,"Bill text as passed House (HR718ER)"
1883393,2024-06-26,House,1,"Presented and laid on Speaker's table 24200075D"
1883393,2024-06-28,House,2,"Engrossed by House"
1883393,2024-06-28,House,3,"Agreed to by House by voice vote"
1883393,2024-06-28,House,4,"Bill text as passed House (HR722ER)"
1883395,2024-06-26,House,1,"Presented and laid on Speaker's table 24200156D"
1883395,2024-06-28,House,2,"Engrossed by House"
1883395,2024-06-28,House,3,"Agreed to by House"
1883395,2024-06-28,House,4,"Bill text as passed House (HR724ER)"
1883396,2024-06-26,House,1,"Presented and laid on Speaker's table 24200138D"
1883396,2024-06-28,House,2,"Engrossed by House"
1883396,2024-06-28,House,3,"Agreed to by House"
1883396,2024-06-28,House,4,"Bill text as passed House (HR721ER)"
1883398,2024-06-25,House,1,"Presented and laid on Speaker's table 24200171D"
1883398,2024-06-28,House,2,"Engrossed by House"
1883398,2024-06-28,House,3,"Agreed to by House by voice vote"
1883398,2024-06-28,House,4,"Bill text as passed House (HR719ER)"
1883399,2024-06-25,House,1,"Presented and laid on Speaker's table 24200175D"
1883399,2024-06-28,House,2,"Engrossed by House"
1883399,2024-06-28,House,3,"Agreed to by House by voice vote"
1883399,2024-06-28,House,4,"Bill text as passed House (HR716ER)"
1883400,2024-06-25,House,1,"Presented and laid on Speaker's table 24200176D"
1883400,2024-06-28,House,2,"Engrossed by House"
1883400,2024-06-28,House,3,"Agreed to by House by voice vote"
1883400,2024-06-28,House,4,"Bill text as passed House (HR717ER)"
1883402,2024-06-25,House,1,"Presented and laid on Speaker's table 24200195D"
1883402,2024-06-28,House,2,"Engrossed by House"
1883402,2024-06-28,House,3,"Agreed to by House by voice vote"
1883402,2024-06-28,House,4,"Bill text as passed House (HR715ER)"
1883403,2024-06-26,House,1,"Presented and laid on Speaker's table 24200140D"
1883403,2024-06-28,House,2,"Engrossed by House"
1883403,2024-06-28,House,3,"Agreed to by House"
1883403,2024-06-28,House,4,"Bill text as passed House (HR723ER)"
1883404,2024-06-25,House,1,"Presented and laid on Speaker's table 24200189D"
1883404,2024-06-28,House,2,"Engrossed by House"
1883404,2024-06-28,House,3,"Agreed to by House"
1883404,2024-06-28,House,4,"Bill text as passed House (HR720ER)"
1883424,2024-06-26,House,1,"Presented and laid on Speaker's table 24200225D"
1883424,2024-06-28,House,2,"Engrossed by House"
1883424,2024-06-28,House,3,"Agreed to by House by voice vote"
1883424,2024-06-28,House,4,"Bill text as passed House (HR726ER)"
1883435,2024-06-26,House,1,"Presented and laid on Speaker's table 24200212D"
1883435,2024-06-28,House,2,"Engrossed by House"
1883435,2024-06-28,House,3,"Agreed to by House by voice vote"
1883435,2024-06-28,House,4,"Bill text as passed House (HR725ER)"
1883588,2024-06-27,House,1,"Presented and laid on Speaker's table 24200268D"
1883588,2024-06-28,House,2,"Engrossed by House"
1883588,2024-06-28,House,3,"Agreed to by House"
1883588,2024-06-28,House,4,"Bill text as passed House (HR738ER)"
1883589,2024-06-27,House,1,"Presented and laid on Speaker's table 24200206D"
1883589,2024-06-28,House,2,"Engrossed by House"
1883589,2024-06-28,House,3,"Agreed to by House by voice vote"
1883589,2024-06-28,House,4,"Bill text as passed House (HR740ER)"
1883590,2024-06-27,House,1,"Presented and laid on Speaker's table 24200264D"
1883590,2024-06-28,House,2,"Engrossed by House"
1883590,2024-06-28,House,3,"Agreed to by House by voice vote"
1883590,2024-06-28,House,4,"Bill text as passed House (HR741ER)"
1883591,2024-06-26,House,1,"Presented and laid on Speaker's table 24200259D"
1883591,2024-06-28,House,2,"Engrossed by House"
1883591,2024-06-28,House,3,"Agreed to by House by voice vote"
1883591,2024-06-28,House,4,"Bill text as passed House (HR729ER)"
1883592,2024-06-27,House,1,"Presented and laid on Speaker's table 24200281D"
1883592,2024-06-28,House,2,"Engrossed by House"
1883592,2024-06-28,House,3,"Agreed to by House by voice vote"
1883592,2024-06-28,House,4,"Bill text as passed House (HR735ER)"
1883593,2024-06-26,House,1,"Presented and laid on Speaker's table 24200258D"
1883593,2024-06-28,House,2,"Engrossed by House"
1883593,2024-06-28,House,3,"Agreed to by House by voice vote"
1883593,2024-06-28,House,4,"Bill text as passed House (HR728ER)"
1883594,2024-06-27,House,1,"Presented and laid on Speaker's table 24200173D"
1883594,2024-06-28,House,2,"Engrossed by House"
1883594,2024-06-28,House,3,"Agreed to by House by voice vote"
1883594,2024-06-28,House,4,"Bill text as passed House (HR745ER)"
1883595,2024-06-26,House,1,"Presented and laid on Speaker's table 24200209D"
1883595,2024-06-28,House,2,"Engrossed by House"
1883595,2024-06-28,House,3,"Agreed to by House by voice vote"
1883595,2024-06-28,House,4,"Bill text as passed House (HR731ER)"
1883596,2024-06-27,House,1,"Presented and laid on Speaker's table 24200184D"
1883596,2024-06-28,House,2,"Engrossed by House"
1883596,2024-06-28,House,3,"Agreed to by House by voice vote"
1883596,2024-06-28,House,4,"Bill text as passed House (HR746ER)"
1883597,2024-06-26,House,1,"Presented and laid on Speaker's table 24200251D"
1883597,2024-06-28,House,2,"Engrossed by House"
1883597,2024-06-28,House,3,"Agreed to by House by voice vote"
1883597,2024-06-28,House,4,"Bill text as passed House (HR727ER)"
1883598,2024-06-27,House,1,"Presented and laid on Speaker's table 24200193D"
1883598,2024-06-28,House,2,"Engrossed by House"
1883598,2024-06-28,House,3,"Agreed to by House by voice vote"
1883598,2024-06-28,House,4,"Bill text as passed House (HR742ER)"
1883599,2024-06-27,House,1,"Presented and laid on Speaker's table 24200233D"
1883599,2024-06-28,House,2,"Engrossed by House"
1883599,2024-06-28,House,3,"Agreed to by House by voice vote"
1883599,2024-06-28,House,4,"Bill text as passed House (HR739ER)"
1883600,2024-06-27,House,1,"Presented and laid on Speaker's table 24200205D"
1883600,2024-06-28,House,2,"Engrossed by House"
1883600,2024-06-28,House,3,"Agreed to by House by voice vote"
1883600,2024-06-28,House,4,"Bill text as passed House (HR744ER)"
1883601,2024-06-27,House,1,"Presented and laid on Speaker's table 24200167D"
1883601,2024-06-28,House,2,"Engrossed by House"
1883601,2024-06-28,House,3,"Agreed to by House by voice vote"
1883601,2024-06-28,House,4,"Bill text as passed House (HR743ER)"
1883602,2024-06-26,House,1,"Presented and laid on Speaker's table 24200260D"
1883602,2024-06-28,House,2,"Engrossed by House"
1883602,2024-06-28,House,3,"Agreed to by House by voice vote"
1883602,2024-06-28,House,4,"Bill text as passed House (HR732ER)"
1883603,2024-06-27,House,1,"Presented and laid on Speaker's table 24200105D"
1883603,2024-06-28,House,2,"Engrossed by House"
1883603,2024-06-28,House,3,"Agreed to by House"
1883603,2024-06-28,House,4,"Bill text as passed House (HR733ER)"
1883604,2024-06-27,House,1,"Presented and laid on Speaker's table 24200265D"
1883604,2024-06-28,House,2,"Engrossed by House"
1883604,2024-06-28,House,3,"Agreed to by House"
1883604,2024-06-28,House,4,"Bill text as passed House (HR737ER)"
1883605,2024-06-26,House,1,"Presented and laid on Speaker's table 24200262D"
1883605,2024-06-28,House,2,"Engrossed by House"
1883605,2024-06-28,House,3,"Agreed to by House by voice vote"
1883605,2024-06-28,House,4,"Bill text as passed House (HR730ER)"
1883606,2024-06-27,House,1,"Presented and laid on Speaker's table 24200254D"
1883606,2024-06-28,House,2,"Engrossed by House"
1883606,2024-06-28,House,3,"Agreed to by House by voice vote"
1883606,2024-06-28,House,4,"Bill text as passed House (HR734ER)"
1883610,2024-06-27,House,1,"Presented and laid on Speaker's table 24200240D"
1883610,2024-06-28,House,2,"Engrossed by House"
1883610,2024-06-28,House,3,"Agreed to by House by voice vote"
1883610,2024-06-28,House,4,"Bill text as passed House (HR758ER)"
1883612,2024-06-27,House,1,"Presented and laid on Speaker's table 24200270D"
1883612,2024-06-28,House,2,"Engrossed by House"
1883612,2024-06-28,House,3,"Agreed to by House"
1883612,2024-06-28,House,4,"Bill text as passed House (HR747ER)"
1883614,2024-06-27,House,1,"Presented and laid on Speaker's table 24200256D"
1883614,2024-06-28,House,2,"Engrossed by House"
1883614,2024-06-28,House,3,"Agreed to by House by voice vote"
1883614,2024-06-28,House,4,"Bill text as passed House (HR749ER)"
1883616,2024-06-27,House,1,"Presented and laid on Speaker's table 24200023D"
1883616,2024-06-28,House,2,"Engrossed by House"
1883616,2024-06-28,House,3,"Agreed to by House by voice vote"
1883616,2024-06-28,House,4,"Bill text as passed House (HR755ER)"
1883619,2024-06-27,House,1,"Presented and laid on Speaker's table 24200016D"
1883619,2024-06-28,House,2,"Engrossed by House"
1883619,2024-06-28,House,3,"Agreed to by House"
1883619,2024-06-28,House,4,"Bill text as passed House (HR754ER)"
1883620,2024-06-27,House,1,"Presented and laid on Speaker's table 24200168D"
1883620,2024-06-28,House,2,"Engrossed by House"
1883620,2024-06-28,House,3,"Agreed to by House by voice vote"
1883620,2024-06-28,House,4,"Bill text as passed House (HR759ER)"
1883623,2024-06-27,House,1,"Presented and laid on Speaker's table 24200263D"
1883623,2024-06-28,House,2,"Engrossed by House"
1883623,2024-06-28,House,3,"Agreed to by House"
1883623,2024-06-28,House,4,"Bill text as passed House (HR751ER)"
1883624,2024-06-27,House,1,"Presented and laid on Speaker's table 24200279D"
1883624,2024-06-28,House,2,"Engrossed by House"
1883624,2024-06-28,House,3,"Agreed to by House"
1883624,2024-06-28,House,4,"Bill text as passed House (HR756ER)"
1883626,2024-06-27,House,1,"Presented and laid on Speaker's table 24200285D"
1883626,2024-06-28,House,2,"Engrossed by House"
1883626,2024-06-28,House,3,"Agreed to by House by voice vote"
1883626,2024-06-28,House,4,"Bill text as passed House (HR757ER)"
1883629,2024-06-27,House,1,"Presented and laid on Speaker's table 24200271D"
1883629,2024-06-28,House,2,"Engrossed by House"
1883629,2024-06-28,House,3,"Agreed to by House"
1883629,2024-06-28,House,4,"Bill text as passed House (HR750ER)"
1883631,2024-06-27,House,1,"Presented and laid on Speaker's table 24200269D"
1883631,2024-06-28,House,2,"Engrossed by House"
1883631,2024-06-28,House,3,"Agreed to by House"
1883631,2024-06-28,House,4,"Bill text as passed House (HR736ER)"
1883633,2024-06-27,House,1,"Presented and laid on Speaker's table 24200204D"
1883633,2024-06-28,House,2,"Engrossed by House"
1883633,2024-06-28,House,3,"Agreed to by House by voice vote"
1883633,2024-06-28,House,4,"Bill text as passed House (HR760ER)"
1883635,2024-06-27,House,1,"Presented and laid on Speaker's table 24200202D"
1883635,2024-06-28,House,2,"Engrossed by House"
1883635,2024-06-28,House,3,"Agreed to by House by voice vote"
1883635,2024-06-28,House,4,"Bill text as passed House (HR753ER)"
1883637,2024-06-27,House,1,"Presented and laid on Speaker's table 24200180D"
1883637,2024-06-28,House,2,"Engrossed by House"
1883637,2024-06-28,House,3,"Agreed to by House"
1883637,2024-06-28,House,4,"Bill text as passed House (HR752ER)"
1883638,2024-06-27,House,1,"Presented and laid on Speaker's table 24200257D"
1883638,2024-06-28,House,2,"Engrossed by House"
1883638,2024-06-28,House,3,"Agreed to by House by voice vote"
1883638,2024-06-28,House,4,"Bill text as passed House (HR748ER)"
1883644,2024-06-27,Senate,1,"Presented and ordered printed 24200298D"
1883644,2024-06-27,Senate,2,"Referred to Committee on Finance and Appropriations"
1883645,2024-06-27,House,1,"Presented and laid on Speaker's table 24200200D"
1883645,2024-06-28,House,2,"Engrossed by House"
1883645,2024-06-28,House,3,"Agreed to by House by voice vote"
1883645,2024-06-28,House,4,"Bill text as passed House (HR761ER)"
1883646,2024-06-27,House,1,"Presented and laid on Speaker's table 24200274D"
1883646,2024-06-28,House,2,"Engrossed by House"
1883646,2024-06-28,House,3,"Agreed to by House by voice vote"
1883646,2024-06-28,House,4,"Bill text as passed House (HR765ER)"
1883647,2024-06-27,House,1,"Presented and laid on Speaker's table 24200208D"
1883647,2024-06-28,House,2,"Engrossed by House"
1883647,2024-06-28,House,3,"Agreed to by House"
1883647,2024-06-28,House,4,"Bill text as passed House (HR764ER)"
1883648,2024-06-27,House,1,"Presented and laid on Speaker's table 24200250D"
1883648,2024-06-28,House,2,"Engrossed by House"
1883648,2024-06-28,House,3,"Agreed to by House by voice vote"
1883648,2024-06-28,House,4,"Bill text as passed House (HR763ER)"
1883649,2024-06-27,House,1,"Presented and laid on Speaker's table 24200249D"
1883649,2024-06-28,House,2,"Engrossed by House"
1883649,2024-06-28,House,3,"Agreed to by House by voice vote"
1883649,2024-06-28,House,4,"Bill text as passed House (HR762ER)"
1883683,2024-06-28,House,1,"Presented and laid on Speaker's table 24200299D"
1883683,2024-06-28,House,2,"Engrossed by House"
1883683,2024-06-28,House,3,"Agreed to by House by voice vote"
1883683,2024-06-28,House,4,"Bill text as passed House (HR781ER)"
1883684,2024-06-27,House,1,"Presented and laid on Speaker's table 24200280D"
1883684,2024-06-28,House,2,"Engrossed by House"
1883684,2024-06-28,House,3,"Agreed to by House"
1883684,2024-06-28,House,4,"Bill text as passed House (HR774ER)"
1883685,2024-06-27,House,1,"Presented and laid on Speaker's table 24200223D"
1883685,2024-06-28,House,2,"Engrossed by House"
1883685,2024-06-28,House,3,"Agreed to by House"
1883685,2024-06-28,House,4,"Bill text as passed House (HR777ER)"
1883686,2024-06-28,House,1,"Presented and laid on Speaker's table 24200310D"
1883686,2024-07-18,House,2,"Engrossed by House"
1883686,2024-07-18,House,3,"Agreed to by House by voice vote"
1883686,2024-07-18,House,4,"Bill text as passed House (HR784ER)"
1883688,2024-06-27,House,1,"Presented and laid on Speaker's table 24200284D"
1883688,2024-06-28,House,2,"Engrossed by House"
1883688,2024-06-28,House,3,"Agreed to by House by voice vote"
1883688,2024-06-28,House,4,"Bill text as passed House (HR779ER)"
1883689,2024-06-28,House,1,"Presented and laid on Speaker's table 24200308D"
1883689,2024-07-18,House,2,"Engrossed by House"
1883689,2024-07-18,House,3,"Agreed to by House by voice vote"
1883689,2024-07-18,House,4,"Bill text as passed House (HR788ER)"
1883690,2024-06-27,House,1,"Presented and laid on Speaker's table 24200266D"
1883690,2024-06-28,House,2,"Engrossed by House"
1883690,2024-06-28,House,3,"Agreed to by House"
1883690,2024-06-28,House,4,"Bill text as passed House (HR773ER)"
1883691,2024-06-28,House,1,"Presented and laid on Speaker's table 24200304D"
1883691,2024-07-18,House,2,"Engrossed by House"
1883691,2024-07-18,House,3,"Agreed to by House by voice vote"
1883691,2024-07-18,House,4,"Bill text as passed House (HR786ER)"
1883692,2024-06-28,House,1,"Presented and laid on Speaker's table 24200301D"
1883692,2024-06-28,House,2,"Engrossed by House"
1883692,2024-06-28,House,3,"Agreed to by House by voice vote"
1883692,2024-06-28,House,4,"Bill text as passed House (HR783ER)"
1883693,2024-06-27,House,1,"Presented and laid on Speaker's table 24200187D"
1883693,2024-06-28,House,2,"Engrossed by House"
1883693,2024-06-28,House,3,"Agreed to by House by voice vote"
1883693,2024-06-28,House,4,"Bill text as passed House (HR766ER)"
1883694,2024-06-27,House,1,"Presented and laid on Speaker's table 24200293D"
1883694,2024-06-28,House,2,"Engrossed by House"
1883694,2024-06-28,House,3,"Agreed to by House by voice vote"
1883694,2024-06-28,House,4,"Bill text as passed House (HR780ER)"
1883697,2024-06-27,House,1,"Presented and laid on Speaker's table 24200228D"
1883697,2024-06-28,House,2,"Engrossed by House"
1883697,2024-06-28,House,3,"Agreed to by House by voice vote"
1883697,2024-06-28,House,4,"Bill text as passed House (HR776ER)"
1883698,2024-06-27,House,1,"Presented and laid on Speaker's table 24200295D"
1883698,2024-06-28,House,2,"Engrossed by House"
1883698,2024-06-28,House,3,"Agreed to by House by voice vote"
1883698,2024-06-28,House,4,"Bill text as passed House (HR771ER)"
1883699,2024-06-28,House,1,"Presented and laid on Speaker's table 24200312D"
1883699,2024-07-18,House,2,"Engrossed by House"
1883699,2024-07-18,House,3,"Agreed to by House"
1883699,2024-07-18,House,4,"Bill text as passed House (HR785ER)"
1883700,2024-06-27,House,1,"Presented and laid on Speaker's table 24200292D"
1883700,2024-06-28,House,2,"Engrossed by House"
1883700,2024-06-28,House,3,"Agreed to by House"
1883700,2024-06-28,House,4,"Bill text as passed House (HR772ER)"
1883701,2024-06-27,House,1,"Presented and laid on Speaker's table 24200294D"
1883701,2024-06-28,House,2,"Engrossed by House"
1883701,2024-06-28,House,3,"Agreed to by House"
1883701,2024-06-28,House,4,"Bill text as passed House (HR775ER)"
1883702,2024-06-27,House,1,"Presented and laid on Speaker's table 24200291D"
1883702,2024-06-28,House,2,"Engrossed by House"
1883702,2024-06-28,House,3,"Agreed to by House by voice vote"
1883702,2024-06-28,House,4,"Bill text as passed House (HR768ER)"
1883703,2024-06-28,House,1,"Presented and laid on Speaker's table 24200287D"
1883703,2024-06-28,House,2,"Engrossed by House"
1883703,2024-06-28,House,3,"Agreed to by House by voice vote"
1883703,2024-06-28,House,4,"Bill text as passed House (HR782ER)"
1883704,2024-06-27,House,1,"Presented and laid on Speaker's table 24200296D"
1883704,2024-06-28,House,2,"Engrossed by House"
1883704,2024-06-28,House,3,"Agreed to by House by voice vote"
1883704,2024-06-28,House,4,"Bill text as passed House (HR770ER)"
1883705,2024-06-27,House,1,"Presented and laid on Speaker's table 24200165D"
1883705,2024-06-28,House,2,"Engrossed by House"
1883705,2024-06-28,House,3,"Agreed to by House by voice vote"
1883705,2024-06-28,House,4,"Bill text as passed House (HR767ER)"
1883706,2024-06-27,House,1,"Presented and laid on Speaker's table 24200297D"
1883706,2024-06-28,House,2,"Engrossed by House"
1883706,2024-06-28,House,3,"Agreed to by House by voice vote"
1883706,2024-06-28,House,4,"Bill text as passed House (HR769ER)"
1883707,2024-06-28,House,1,"Presented and laid on Speaker's table 24200305D"
1883707,2024-07-18,House,2,"Engrossed by House"
1883707,2024-07-18,House,3,"Agreed to by House by voice vote"
1883707,2024-07-18,House,4,"Bill text as passed House (HR787ER)"
1883708,2024-06-27,House,1,"Presented and laid on Speaker's table 24200224D"
1883708,2024-06-28,House,2,"Engrossed by House"
1883708,2024-06-28,House,3,"Agreed to by House"
1883708,2024-06-28,House,4,"Bill text as passed House (HR778ER)"
1883710,2024-06-28,Senate,1,"Presented 24200253D"
1883710,2024-06-28,Senate,2,"Laid on Clerk's Desk"
1883710,2024-07-01,Senate,3,"Engrossed by Senate"
1883710,2024-07-01,Senate,4,"Agreed to by Senate by voice vote"
1883710,2024-07-01,Senate,5,"Bill text as passed Senate (SR626ER)"
1883834,2024-06-28,Senate,1,"Presented and ordered printed 24200313D"
1883834,2024-06-28,Senate,2,"Referred to Committee on Finance and Appropriations"
1883891,2024-06-29,Senate,1,"Presented 24200220D"
1883891,2024-06-29,Senate,2,"Laid on Clerk's Desk"
1883891,2024-07-01,Senate,3,"Engrossed by Senate"
1883891,2024-07-01,Senate,4,"Agreed to by Senate"
1883891,2024-07-01,Senate,5,"Bill text as passed Senate (SR627ER)"
1883893,2024-06-29,Senate,1,"Presented 24200272D"
1883893,2024-06-29,Senate,2,"Laid on Clerk's Desk"
1883893,2024-07-01,Senate,3,"Engrossed by Senate"
1883893,2024-07-01,Senate,4,"Agreed to by Senate by voice vote"
1883893,2024-07-01,Senate,5,"Bill text as passed Senate (SR628ER)"
1883894,2024-06-29,Senate,1,"Presented 24200273D"
1883894,2024-06-29,Senate,2,"Laid on Clerk's Desk"
1883894,2024-07-01,Senate,3,"Engrossed by Senate"
1883894,2024-07-01,Senate,4,"Agreed to by Senate"
1883894,2024-07-01,Senate,5,"Bill text as passed Senate (SR629ER)"
1883896,2024-07-01,Senate,1,"Presented 24200314D"
1883896,2024-07-01,Senate,2,"Laid on Clerk's Desk"
1883896,2024-07-01,Senate,3,"Engrossed by Senate"
1883896,2024-07-01,Senate,4,"Agreed to by Senate"
1883896,2024-07-01,Senate,5,"Bill text as passed Senate (SR630ER)"
1883905,2024-07-01,Senate,1,"Presented and ordered printed 24200315D"
1883905,2024-07-01,Senate,2,"Referred to Committee on Finance and Appropriations"
1883905,2024-07-01,Senate,3,"Reported from Finance and Appropriations (10-Y 5-N)"
1883905,2024-07-01,Senate,4,"Suspend 48 Hours (20-Y 17-N) (2/3 voting required)"
1883985,2024-07-03,Senate,1,"Presented and ordered printed 24200322D"
1883985,2024-07-03,Senate,2,"Referred to Committee on Finance and Appropriations"
1883985,2024-07-18,Senate,3,"Reported from Finance and Appropriations (12-Y 0-N)"
1883985,2024-07-18,Senate,4,"Read first time"
1883985,2024-07-18,Senate,5,"Constitutional reading dispensed (34-Y 0-N)"
1883985,2024-07-18,Senate,6,"Engrossed by Senate"
1883985,2024-07-18,Senate,7,"Constitutional reading dispensed (34-Y 0-N)"
1883985,2024-07-18,Senate,8,"Passed Senate (38-Y 0-N)"
1883985,2024-07-18,House,9,"Placed on Calendar"
1883985,2024-07-18,House,10,"Read first time"
1883985,2024-07-18,House,11,"Referred to Committee on Appropriations"
1883985,2024-07-18,House,12,"Reported from Appropriations (19-Y 0-N)"
1883985,2024-07-18,House,13,"Constitutional readings dispensed (80-Y 0-N)"
1883985,2024-07-18,House,14,"VOTE: Adoption (80-Y 0-N)"
1883985,2024-07-18,House,15,"Passed House (81-Y 0-N)"
1883985,2024-07-18,House,16,"VOTE: Passage (81-Y 0-N)"
1883985,2024-07-18,Senate,17,Enrolled
1883985,2024-07-18,Senate,18,"Bill text as passed Senate and House (SB6012ER)"
1883985,2024-07-18,Senate,19,"Signed by President"
1883985,2024-07-18,House,20,"Signed by Speaker"
1883985,2024-07-18,Senate,21,"Enrolled Bill Communicated to Governor on July 18, 2024"
1883985,2024-07-18,,22,"Governor: Governor's Action Deadline 11:59 p.m., July 25, 2024"
1883985,2024-07-18,,23,"Governor: Approved by Governor-Chapter 3 (effective 7/18/24)"
1883985,2024-07-18,,24,"Governor: Acts of Assembly Chapter text (CHAP0003)"
1883989,2024-07-03,House,1,"Presented and ordered printed 24200321D"
1883989,2024-07-03,House,2,"Referred to Committee on Appropriations"
1883989,2024-07-18,House,3,"Reported from Appropriations (18-Y 0-N)"
1883989,2024-07-18,House,4,"Read first time"
1883989,2024-07-18,House,5,"Constitutional readings dispensed (81-Y 0-N)"
1883989,2024-07-18,House,6,"VOTE: Adoption (81-Y 0-N)"
1883989,2024-07-18,House,7,"Engrossed by House"
1883989,2024-07-18,House,8,"Passed House (82-Y 0-N)"
1883989,2024-07-18,House,9,"VOTE: Passage (82-Y 0-N)"
1883989,2024-07-18,Senate,10,"Constitutional reading dispensed"
1883989,2024-07-18,Senate,11,"Referred to Committee on Finance and Appropriations"
1883989,2024-07-18,Senate,12,"Reported from Finance and Appropriations (14-Y 0-N)"
1883989,2024-07-18,Senate,13,"Read second time"
1883989,2024-07-18,Senate,14,"Constitutional reading dispensed (38-Y 0-N)"
1883989,2024-07-18,Senate,15,"Passed Senate (38-Y 0-N)"
1883989,2024-07-18,House,16,Enrolled
1883989,2024-07-18,House,17,"Bill text as passed House and Senate (HB6004ER)"
1883989,2024-07-18,House,18,"Signed by Speaker"
1883989,2024-07-18,Senate,19,"Signed by President"
1883989,2024-07-18,House,20,"Enrolled Bill communicated to Governor on July 18, 2024"
1883989,2024-07-18,,21,"Governor: Governor's Action Deadline 11:59 p.m., July 25, 2024"
1883989,2024-07-18,,22,"Governor: Approved by Governor-Chapter 4 (effective 7/18/24)"
1883989,2024-07-18,,23,"Governor: Acts of Assembly Chapter text (CHAP0004)"
